-0.7251642923494384,-0.08862284149496441,0.78539816341,-0.1398835601788599,-0.12022545511803713,1,304
-0.75,-0.1531838165162984,0.793157697602949,-0.06840715504554454,-0.07949473782314455,1,300
-0.7176155730949654,-0.17309982609158997,0.8266530766433817,-0.15,0.043391532217781394,1,300
-0.6738485071795988,-0.16899843366408693,0.78539816341,-0.05909690387210875,0.15,1,296
-0.75,-0.14432410136347915,0.78539816341,-0.011242225298260841,-0.15,1,304
-0.75,-0.175,0.78539816341,-0.02234799570738208,-0.08894185214102174,1,296
-0.6710393592246304,-0.175,0.78539816341,-0.03829877728234261,0.11755364462065696,1,284
-0.7116282635423545,-0.175,0.78539816341,-0.06242643090372247,0.15,1,284
-0.75,-0.15503884386973601,0.78539816341,0.11002658292369362,-0.15,1,296
-0.7228719978207018,-0.14264020301486294,0.8291176224456364,0.05701799349240234,-0.03784382707435535,1,296
-0.75,-0.175,0.7985262298600962,-0.04835348517935763,0.035287874718177105,1,284
-0.75,-0.09630066183549835,0.7950776589783772,-0.005859323085350136,0.15,1,280
-0.7379018864216983,-0.175,0.8279430615183986,0.14070771239036262,-0.15,1,276
-0.75,-0.175,0.78539816341,0.15,-0.0384078953932576,1,292
-0.75,-0.1637774090720014,0.8049214059064445,0.1471705755550052,0.10730150720710324,1,256
-0.75,-0.12264508486939227,0.78539816341,0.15,0.11113142575770465,1,284
-0.75,-0.09080361542710655,1.322265056466648,-0.15,-0.0720605407751553,1,220
-0.7342876333702363,-0.175,1.2798590061160875,-0.142820603174742,-0.12652307048716885,1,224
-0.75,-0.1210659583284352,1.1870560810828452,-0.15,0.1314821065556399,1,228
-0.75,-0.175,1.3022829808873515,-0.11201438522579157,0.13136622080240126,1,232
-0.6767175615539223,-0.175,1.3801343458016637,-0.054722935722100144,-0.15,1,220
-0.75,-0.13081700312566635,1.3553077091087462,-0.029019501398794095,-0.14450050855914714,1,216
-0.7466235897656038,-0.14238385607932902,1.3572668132262253,-0.0931941480294883,0.027260264131115344,1,216
-0.75,-0.175,1.3708034750869775,0.013973246582887552,0.09800967344865577,1,224
-0.75,-0.1011729825137052,1.3134298185447386,0.10208623320294255,-0.15,1,220
-0.7444538705145067,-0.10599543229262741,1.3188627243669464,0.07917721515059437,-0.056865548289443985,1,216
-0.75,-0.175,1.2781143442249492,0.04352413765682795,0.09788958072364527,1,220
-0.7312150990827164,-0.15520982332812955,1.2931932961953143,0.0789928642647566,0.15,1,240
-0.75,-0.15029849068586304,1.3397854964852238,0.11465537160063255,-0.1346161673299443,1,224
-0.75,-0.16196631170880463,1.3691911608551075,0.15,-0.10477596944227813,1,520
-0.75,-0.175,1.3020246252126166,0.15,0.005962295519863478,1,232
-0.6573860907745531,-0.175,1.286487475754096,0.15,0.15,1,220
-0.75,-0.175,1.8326221125261632,-0.15,-0.15,1,308
-0.75,-0.11636354903703175,1.862656052029789,-0.13192913413634486,0.03281041260286478,1,312
-0.7088727543948405,-0.14781999227027837,1.7604029737766562,-0.15,0.037846940055956665,1,272
-0.75,-0.175,1.7177866669264714,-0.12138048444121621,0.15,1,304
-0.7395568202497622,-0.13641506446758275,1.8050688721087542,-0.02746982935687306,-0.09648174198850351,1,356
-0.75,-0.175,1.7715600932876254,-0.1434908169766082,0.013594621096932824,1,316
-0.75,-0.11756171498139481,1.8071887047009678,-0.10808919219561819,0.04445937198604562,1,336
-0.7401569382065438,-0.175,1.8252066986424598,-0.06415694483718837,0.13058784732392303,1,316
-0.7130766710002294,-0.175,1.8099332941321826,0.034957012642958675,-0.15,1,348
-0.7414315859405015,-0.175,1.9052190913068707,-0.010473846770940279,-0.03310212358839409,1,368
-0.75,-0.175,1.8489329528134493,0.06944893646760918,0.09456518434348776,1,428
-0.75,-0.11695866063107402,1.8476194325638748,0.06257368044702559,0.15,1,376
-0.75,-0.175,1.8637060717855034,0.14028654340107402,-0.11905568509884232,1,504
-0.75,-0.1576748059134642,1.7756540586942948,0.11221042499208184,0.03191798661354704,1,368
-0.75,-0.175,1.884551303954347,0.15,0.06906548061323922,1,412
-0.6971438886890542,-0.15114795863884392,1.8288075002565605,0.15,0.15,1,412
-0.7328190855215769,-0.17115890544698723,2.35619449017,-0.15,-0.15,0,596
-0.75,-0.175,2.3026016285179924,-0.15,-0.15,0,596
-0.7337958015302602,-0.12518665902764298,2.2785065518691967,-0.12543961672940018,0.06941878646150841,0,596
-0.75,-0.175,2.35619449017,-0.15,0.14525878843595638,0,596
-0.75,-0.175,2.35619449017,-0.056969860033161714,-0.15,0,596
-0.7194161855579566,-0.175,2.3110919124521243,-0.013017342413766432,-0.03782348979068277,0,596
-0.6984500238752025,-0.09996201046828444,2.3127113361062652,-0.14546780437536466,0.046979813540154576,0,596
-0.7034359940441901,-0.13248891289432535,2.35619449017,0.015915116242633462,0.15,0,596
-0.75,-0.175,2.296723895526634,0.053634026216467054,-0.1456944565870511,0,596
-0.75,-0.175,2.35619449017,0.029425342771890975,-0.08734616425350838,0,596
-0.7334368284298218,-0.175,2.3111634534376067,0.04553829228892754,0.09950831194796445,0,596
-0.701222743643882,-0.07116260082195794,2.35619449017,0.04812146775102592,0.13914344625268987,0,596
-0.75,-0.15590322738842233,2.3397635663825507,0.06343993482775372,-0.12367316581638464,0,596
-0.75,-0.1534979176404465,2.35619449017,0.15,-0.07387053530964002,0,596
-0.75,-0.12348582729840787,2.3289887900642903,0.15,0.01750865572512817,0,596
-0.75,-0.16306054204867432,2.348054844866385,0.15,0.15,0,596
-0.2093737088802901,-0.175,0.7874441221797861,-0.10242251147129786,-0.14935856782281573,1,384
-0.18218799857145884,-0.175,0.78539816341,-0.15,-0.02600864823165835,1,348
-0.2536005060790167,-0.175,0.8224393806810063,-0.12632640504823855,0.036567712334512864,1,348
-0.19982335510539878,-0.175,0.78539816341,-0.15,0.058182010811480125,1,344
-0.2319181987476183,-0.13861852281815099,0.78539816341,-0.007661461239175313,-0.15,1,360
-0.28225598773025623,-0.172402705709635,0.78539816341,-0.15,-0.010309076642809216,1,368
-0.2319302197245793,-0.13836799613922102,0.78539816341,-0.054954715012063456,0.03513119603784467,1,360
-0.17309817167670155,-0.175,0.78539816341,-0.08014103278919808,0.1376808298742726,1,336
-0.2517913019554976,-0.17106824048419547,0.9060289344906458,0.07161314753170776,-0.10068117470470314,1,320
-0.17176781720929968,-0.175,0.8246283778049012,0.07350220936841009,-0.08559866136294614,1,356
-0.38098725520448723,-0.1291836162648759,0.78539816341,0.014618705258898683,-0.027140160912144995,1,348
-0.20890487478123881,-0.15767557620510037,0.78539816341,0.014391306791197808,0.14196844402372527,1,320
-0.24564764658809143,-0.12509949450701738,0.7865214580506024,0.14446673157213352,-0.15,1,336
-0.2649503675232934,-0.175,0.8127541191687605,0.10516788863423959,-0.09831231598766271,1,336
-0.2454119611732249,-0.0705812647609636,0.78539816341,0.15,0.041231077205065456,1,316
-0.3493784457300446,-0.175,0.8411142481434436,0.1315396399776277,0.15,1,284
-0.2609835943918756,-0.11959085916312416,1.3447660047687289,-0.15,-0.15,1,220
-0.2321443714244127,-0.175,1.3449062252820634,-0.15,-0.034650946365688114,1,228
-0.1761052977629242,-0.1443613047468715,1.3309207259371532,-0.15,0.14067038492577116,1,220
-0.2759135109136824,-0.175,1.309977771881366,-0.15,0.1328560569221218,1,216
-0.2904246801446594,-0.175,1.3426400007950077,-0.11187133191112864,-0.13608256826776652,1,220
-0.2750878521792268,-0.07929843230666067,1.3385876456837356,-0.0445295764083515,-0.07546066812995673,1,220
-0.20422989411489628,-0.175,1.2912949034496155,0.016432041412411558,0.007682014005651341,1,228
-0.23356244451701577,-0.16412835634101386,1.2803168503518216,-0.034340776306751,0.1207546173291115,1,224
-0.27648801018835195,-0.13149661346556227,1.314089753759766,0.019674830589213002,-0.15,1,228
-0.22433662834433218,-0.15021590560136977,1.3864479465714261,0.07279520975853512,-0.03202621012264373,1,212
-0.245146122532598,-0.16747905474282115,1.2470415852139716,0.0270454844890504,0.15,1,216
-0.20156775047335554,-0.15675194987668872,1.2356206757090447,0.01526998154184276,0.11419782818620797,1,228
-0.28510265469386764,-0.05482922073808623,1.3172349810584925,0.09228186658835077,-0.15,1,220
-0.2663831073298884,-0.175,1.3115413240894676,0.06240855966241403,-0.053156150655562416,1,220
-0.2696054076566079,-0.1649450476642516,1.3176640222151872,0.13050381467202773,0.06978994243548735,1,216
-0.32317574740660593,-0.12246728019961939,1.3211945988920917,0.15,0.15,1,204
-0.2351939861467712,-0.1197237033521008,1.8214356018515931,-0.15,-0.08579521030259413,1,244
-0.23694723639100554,-0.11564848472198097,1.9070888865134374,-0.15,-0.15,1,264
-0.24974432716787695,-0.14306348889854076,1.7525505156595076,-0.15,-0.06934649350978365,1,236
-0.26172935666875735,-0.175,1.791170863344321,-0.11958769041575157,0.12520609139949251,1,248
-0.32076853710252073,-0.09332842338494518,1.827432976575881,-0.11585659599732925,-0.09513499062281455,1,272
-0.271032266138268,-0.175,1.750436274025625,-0.01119860430782623,-0.12828240158027981,1,248
-0.2671357258263385,-0.15986822673804832,1.8238029943617298,-0.10011085094633625,-0.1003816169846879,1,256
-0.2901138634610809,-0.175,1.9156692228697343,-0.08762176186765175,0.15,1,296
-0.25806428558330047,-0.175,1.8336400389981315,-0.023339259530783862,-0.13781713881486427,1,260
-0.22979745715927308,-0.15856187948482597,1.8441307598692676,0.024929892655718155,-0.10451042033997149,1,268
-0.15569070493947348,-0.15893213922748634,1.7695874763247044,0.09876562292389893,0.0007230199639534918,1,248
-0.24127110935840806,-0.15390396228823575,1.8017776441813596,0.07578140442219782,0.10151281401826627,1,276
-0.23712248046386178,-0.09431443654706763,1.8138358955671365,0.15,-0.14447323412630297,1,264
-0.25372229578830835,-0.152323284924301,1.8167099597455216,0.15,-0.08131576380915034,1,284
-0.3459385607649521,-0.175,1.8966779043335218,0.09481650857348153,0.07470319594877597,1,316
-0.25132569377246083,-0.12679564158558213,1.8604802676195895,0.13346053878362213,0.007268666854780448,1,288
-0.2469884895029487,-0.11552647555376797,2.3006215923231483,-0.15,-0.15,0,596
-0.12683789437573567,-0.175,2.35619449017,-0.08347125479804798,-0.10630269804555252,1,528
-0.2596180482390561,-0.14512999650750708,2.35619449017,-0.15,0.037182966081375377,0,596
-0.23492263288331938,-0.13994136288445508,2.35619449017,-0.10531511553054446,0.12309761207549307,0,596
-0.2517355884852622,-0.175,2.35619449017,-0.005352306494561539,-0.11010781100521166,0,596
-0.30843390188097664,-0.10621465933441901,2.3054397805786064,0.04148101008580436,-0.14296683858300288,0,596
-0.19285885927424898,-0.175,2.315651614609483,-0.07048432963147487,0.05227457381653759,0,596
-0.2124033483656613,-0.1687211773264229,2.2933155972242694,-0.014383892020991898,0.15,0,596
-0.21044840264784764,-0.175,2.344493497214651,0.15,-0.057167628171902254,0,596
-0.29546937273973695,-0.1742210476209266,2.35619449017,0.019117916153315154,-0.07408829855467376,0,596
-0.17986028445319502,-0.175,2.35619449017,-0.026752012376618006,0.06622293021762585,0,596
-0.32009255313961404,-0.175,2.352396938987874,-0.0440005016953882,0.05980686037188174,0,596
-0.22065714530998648,-0.09527474683875137,2.340202114007258,0.15,-0.15,0,596
-0.14047721870950108,-0.175,2.35619449017,0.055842489597070805,-0.0077612812109150026,0,596
-0.29952681625653443,-0.175,2.314437345088499,0.13138404735310386,0.04972198531759646,0,596
-0.2783148864801386,-0.175,2.35619449017,0.15,0.15,0,596
0.25498256825438204,-0.175,0.78539816341,-0.1407412231585043,-0.15,1,440
0.22482621729419003,-0.175,0.7946351923547862,-0.12872775679079138,-0.024004893023562374,1,492
0.17246682844669337,-0.09289924199318153,0.886578474371482,-0.1388855072099573,0.14344089202719265,1,340
0.25342814874030134,-0.12450914553286828,0.7857381556379999,-0.08605670933433034,0.15,1,388
0.19688481431369476,-0.175,0.78539816341,-0.09761581903693986,-0.13617092472044756,0,596
0.27367962153175907,-0.062378209732784545,0.78539816341,-0.08384975692292657,-0.04957219595878251,0,596
0.20402878828830984,-0.12591172565042028,0.78539816341,-0.08863297226354121,-0.02854407285629562,1,380
0.32749672025087695,-0.175,0.8540405871438266,-0.008490409406869494,0.15,1,536
0.21083733538318813,-0.175,0.78539816341,0.09501992941975318,-0.15,0,596
0.23389692418971622,-0.0604528713704629,0.8620698484748163,0.0725612659659254,-0.024775837180849154,0,596
0.2906758608684835,-0.175,0.78539816341,0.10917468334449638,-0.0281517153285627,1,396
0.18845678417830225,-0.175,0.78539816341,-0.00890204336881905,0.09102701677461097,1,428
0.2613729967302065,-0.12387147839951798,0.78539816341,0.15,-0.07824563003888822,0,596
0.31535713771412144,-0.05301237968303635,0.814825826898536,0.15,-0.06736511444789214,0,596
0.1696258382719386,-0.10578635907447408,0.78539816341,0.15,0.12266377380212722,1,360
0.2592316929266152,-0.14680454399738202,0.8085067967140972,0.15,0.1460884670470741,0,596
0.2629941397124212,-0.14526228291673568,1.4102124201610093,-0.15,-0.15,1,252
0.2890911435888655,-0.1323292220609846,1.2408382387670263,-0.15,-0.005396620013413969,1,280
0.1881524644560959,-0.13705357051066172,1.3184822473771864,-0.15,0.020505384112219596,1,252
0.18397716934578617,-0.1609404288015312,1.2758978301068362,-0.11392603381213283,0.15,1,232
0.2760970782808449,-0.1697899448024062,1.3302912993063185,-0.10250703698010728,-0.1487394566229959,1,276
0.2648492336616593,-0.175,1.3099543278674544,-0.012125242533125725,-0.12715591139714352,1,280
0.26252464251729385,-0.175,1.2769225935444513,0.018526807199835668,0.058214738268528445,1,256
0.2673224104748488,-0.175,1.3333905532402204,-0.015239854995800037,0.15,1,232
0.21599876392107545,-0.175,1.399214344486004,0.06418755118307505,-0.12535067707427702,1,248
0.26161268485805017,-0.175,1.2994517494103017,0.0006063329549625268,-0.05287588765027316,1,260
0.26465362366493406,-0.175,1.3449848361040757,0.007657451693731755,0.10376717009784488,1,236
0.21428242909868161,-0.175,1.2443332911031084,0.11248094526483332,0.15,1,240
0.34328872555723783,-0.16600529244232606,1.2611751201557662,0.15,-0.13952328848686027,1,300
0.2736916460455894,-0.10539988568277002,1.3326172528906857,0.1480490240311228,-0.10458125860795514,1,264
0.19043482513986756,-0.12908416969988434,1.383202740423465,0.12910452271170547,0.061692401289479906,1,224
0.2828276804316915,-0.175,1.3267776064359498,0.04870960634443114,0.15,1,232
0.20126591648863393,-0.175,1.8169428130571756,-0.15,-0.15,1,228
0.2893542301871226,-0.1279614406005892,1.832560284854501,-0.05442904564301382,0.021224791062347384,1,220
0.3079297789503702,-0.175,1.7700753278848476,-0.15,0.045414698792743693,1,220
0.20896588408241448,-0.175,1.8628214809011017,-0.14052600893894596,0.10561152442307295,1,232
0.2981688064622161,-0.1474973950487724,1.876712367699504,0.00037219865975992444,-0.10011839615398777,1,236
0.2706390463468249,-0.175,1.8099911979416794,-0.11274613340011463,-0.06433971178691347,1,228
0.2911030079997245,-0.169731224692702,1.8090936071953583,-0.040764476260945835,0.08797574437430539,1,220
0.3448396491326974,-0.175,1.8458896260659359,-0.0031042231244672452,0.13541206838707315,1,216
0.23773059419985648,-0.175,1.8107597277813037,0.0506249660953625,-0.15,1,224
0.21231319178212552,-0.15901090329287315,1.8292890838520421,0.15,-0.025321989783285422,1,236
0.20552427851872385,-0.175,1.9375818040416593,-0.03342996294390978,0.06454485287950029,1,252
0.2092094857517281,-0.15297626310198004,1.8202444295460336,0.10293642649419393,0.05022341097741306,1,244
0.2461449145292948,-0.175,1.8146787069822723,0.14135991313017676,-0.15,1,224
0.2670575987408322,-0.1473755022791426,1.8002186243015754,0.15,-0.0035295007604592282,1,224
0.26383453996650097,-0.1638042932967669,1.8698053131583303,0.15,0.043393170554922623,1,236
0.2913591624518012,-0.10679297850130777,1.8235345059224282,0.11334219014450017,0.1238134348614289,1,224
0.25065009459389537,-0.16873877486760464,2.3237258382539285,-0.13855018037703298,-0.15,1,356
0.32267670385786584,-0.175,2.35619449017,-0.15,-0.10398681606379243,1,372
0.2367671583381022,-0.1688851248483858,2.35619449017,-0.1198376249714303,-0.05108993199809739,1,364
0.38600845832948094,-0.14783509854818058,2.326173311883065,-0.1350920767004737,0.14493596406492334,1,356
0.2812833673882503,-0.17255699648371478,2.2628674926019694,-0.01806699156784488,-0.15,1,332
0.20714212217918587,-0.17297041543980587,2.35619449017,0.0029059162543575087,-0.09832939454926576,1,528
0.19645537509694438,-0.175,2.321962998882,-0.03161900798951446,0.04659382874160233,1,376
0.27412362076215924,-0.175,2.35619449017,-0.04259552901008619,0.15,1,384
0.23882686073370746,-0.175,2.2576892992844084,0.005946583166935374,-0.045340103389502756,1,332
0.2857000247046046,-0.08752116284065302,2.35619449017,0.014388961817547438,-0.12559417097816067,1,360
0.27366188122867724,-0.175,2.295635893705961,0.10933673100886654,0.10796905216502609,1,360
0.24635855436715637,-0.175,2.35619449017,0.12181677028529891,0.15,1,376
0.20766031409657976,-0.175,2.35619449017,0.1380944781843973,-0.15,1,372
0.17425763876570677,-0.13025378115277791,2.3084975192001678,0.15,-0.03983820227069845,0,596
0.22767425239664896,-0.175,2.335842674523661,0.10476928125031168,0.027118337533119225,1,364
0.2928199397161736,-0.1126128963663133,2.35619449017,0.15,0.15,1,472
0.75,-0.175,0.7906928860657617,-0.11672915881541106,-0.07454344932977246,0,596
0.6877130610644006,-0.1610502918888099,0.8146188124336242,-0.05293912817681254,-0.01971968836843435,0,596
0.75,-0.175,0.8842201926357743,-0.15,0.07543041866167209,0,596
0.75,-0.06774254361133057,0.78539816341,-0.15,0.12848453400226786,0,596
0.7058071281899434,-0.175,0.8662587921584313,-0.03842770387372139,-0.15,0,596
0.75,-0.15950896448864862,0.7906159602861607,-0.01767552311371147,-0.060423410527020396,0,596
0.75,-0.14331115595339505,0.78539816341,-0.06078338187738162,0.11033040774319575,0,596
0.6928514851084688,-0.15431004512742508,0.78539816341,-0.09364805452268503,0.07364160717051761,0,596
0.75,-0.175,0.78539816341,0.09407037644617855,-0.15,0,596
0.75,-0.175,0.831480669006223,0.08605676812727908,-0.04368661318829659,0,596
0.75,-0.17280942640104452,0.78539816341,0.004186294971813741,0.0007672607576368617,0,596
0.75,-0.175,0.8609559099223674,0.11777214005527478,0.11037382764423936,0,596
0.6811165316021455,-0.1268060441602545,0.78539816341,0.15,-0.15,0,596
0.7031087480042438,-0.06447384992043242,0.78539816341,0.15,-0.11828087020950748,0,596
0.75,-0.175,0.78539816341,0.15,0.0012939076891815698,0,596
0.75,-0.175,0.8035797575412484,0.15,0.15,0,596
0.75,-0.175,1.3533413085015318,-0.15,-0.15,0,596
0.75,-0.04601453311728407,1.287958849312614,-0.1484984260417959,-0.12989360672474187,1,504
0.75,-0.175,1.17878624616531,-0.15,0.018498751023305268,1,464
0.75,-0.09304415972779662,1.3189443463364914,-0.10617721772485322,0.15,1,284
0.75,-0.09111495929617795,1.3308338665833421,-0.12807466112209298,-0.15,1,436
0.75,-0.175,1.3292116767447515,0.025170991421449948,-0.07322905390578092,1,472
0.7342365377679827,-0.1465508460407362,1.3707860485877743,-0.06650600469832252,0.05221793987578034,1,288
0.75,-0.09358016884357308,1.2554442550142142,-0.060583349096558846,0.06271462835701738,1,324
0.7113587392731214,-0.175,1.3430077442691892,0.018613304695774706,-0.12526471731124839,0,596
0.7381590696629996,-0.175,1.3686223146205654,0.03559805630389617,-0.030828248429817795,1,284
0.7257318226085449,-0.175,1.2200675597963409,0.12092656725740182,0.029534576295213926,1,436
0.75,-0.175,1.3249795302926155,-0.07439043282675399,0.15,1,288
0.75,-0.175,1.2837879474462832,0.15,-0.15,0,596
0.6566367403704125,-0.175,1.3049208053415844,0.15,0.006395449662678451,1,396
0.75,-0.17329582658703868,1.3263807631735836,0.08964891760713922,0.057724683279762545,1,304
0.6693642064405174,-0.175,1.284635510790989,0.09623438034753809,0.13317237050609132,1,276
0.7264034067105283,-0.1633107044104626,1.7988103106252529,-0.06618034863958984,-0.15,1,224
0.75,-0.175,1.8343033354577345,-0.15,-0.05536323829054709,1,216
0.75,-0.15845598838927713,1.7782334176401933,-0.15,0.11101414482088584,1,212
0.6961127611035347,-0.13332355191955375,1.7783044581390741,-0.09313427288176353,0.09616604362644932,1,204
0.7142348145370015,-0.175,1.8665643787311585,-0.03307235618570429,-0.15,1,224
0.75,-0.15629717150762137,1.7751560128254005,-0.09689627882681995,0.0018151446036239888,1,220
0.7134816684141432,-0.11361655037633538,1.865911339628794,-0.03916875122976905,0.020223253240807024,1,232
0.75,-0.175,1.855725279226031,-0.10128763418201386,0.15,1,220
0.75,-0.09137138065811481,1.7463053781438036,0.10504106992113024,-0.06502820084956451,1,308
0.7174199826197092,-0.15404904953169773,1.7987174819665506,0.10306854824365666,-0.07008975134708169,1,216
0.75,-0.175,1.892301184735702,0.07660030994109715,0.08406811632876526,1,220
0.75,-0.175,1.7835374380263493,0.06808305306235082,0.09231538593300706,1,212
0.6487428706671197,-0.14708365437391385,1.809375501467864,0.15,-0.11226333509660953,1,216
0.75,-0.17119973042937942,1.8556987592459282,0.14998431636941126,-0.04002880070066164,1,216
0.7169106767615806,-0.14806220037768153,1.8717652400474631,0.09090629372895993,0.07365191410801075,1,216
0.75,-0.175,1.8200187702811086,0.15,0.11772139639823023,1,208
0.710373963078365,-0.1665319587981961,2.326318980435418,-0.0456976475231443,-0.15,1,316
0.7442631779266551,-0.175,2.35619449017,-0.15,-0.024837396762524763,1,320
0.75,-0.175,2.35619449017,-0.15,-0.053170157623972744,1,328
0.75,-0.175,2.35619449017,-0.12917769809492735,0.13413247538787326,1,316
0.6899851796472112,-0.175,2.35619449017,-0.052695242450286964,-0.1029409066790015,1,336
0.7332749382079525,-0.11319534123947811,2.3157812040879535,-0.09911517901886574,-0.040405113206348195,1,304
0.7262527344419522,-0.12043449397028654,2.3146722698421716,0.006092892811523545,0.14741713223949066,1,316
0.7173335383713144,-0.14454309395464113,2.35619449017,0.06600203610086297,0.15,1,340
0.75,-0.175,2.35619449017,0.059806572951195354,-0.15,1,324
0.75,-0.175,2.35619449017,0.004796585513199975,-0.04863433100742807,1,340
0.6869558022832477,-0.11434511500104082,2.35619449017,-0.02744802625267377,0.04763146487277819,1,328
0.75,-0.16791415431800474,2.2810404750820092,0.06289879906105904,0.07089116183269363,1,296
0.75,-0.05903352300091527,2.35619449017,0.15,-0.15,1,324
0.75,-0.1553341080302814,2.3062914588042793,0.15,-0.07803804534899302,1,300
0.6740315017022993,-0.1653975441754984,2.3369959265723823,0.1498798079540573,-0.05181102514279684,1,328
0.7257882963566874,-0.175,2.35619449017,0.12053641741053468,0.15,1,336
-0.6866544425406689,-0.08498962142755255,0.8851815378991983,-0.15,-0.15,1,296
-0.75,-0.09929015848569385,0.9408940912102681,-0.10826243368375588,-0.13364469506557872,1,272
-0.7278090285926886,-0.056261232832237135,0.8157343163668092,-0.10431141893072071,0.0702106432638666,1,288
-0.7112682973285331,-0.04383155082693745,0.78539816341,-0.15,0.15,1,284
-0.75,-0.13096613969206414,0.8121234458340275,0.0294919489090342,-0.13864827605675556,1,288
-0.75,-0.15822831434455556,0.8297809347036919,-0.021296438955299937,-0.06620340876044851,1,280
-0.75,-0.175,0.78539816341,0.019979732257289676,0.07957210758759273,1,288
-0.75,-0.06626710032103947,0.8751587312056162,-0.11710638742425576,0.15,1,264
-0.75,-0.14683499697536034,0.7969017013695702,-0.018291207770771964,-0.13462982151401556,1,308
-0.75,-0.175,0.8102853178645697,0.04255153451163514,-0.09123061252173806,1,280
-0.6683794348034182,-0.07223773644011845,0.8186943760127231,0.0751392213447597,0.06383003827555903,1,276
-0.75,0.032983309204972874,0.8064774939407228,0.13981804114634816,0.15,1,268
-0.75,-0.09197021224366132,0.8273451884334806,0.15,-0.15,1,272
-0.7434629711356955,-0.049742127944084565,0.78539816341,0.13786593615939832,0.054896966956621565,1,280
-0.6779363355466942,-0.08757519873928842,0.78539816341,0.0986815396167054,0.023718453300730767,1,284
-0.75,-0.09661114932622379,0.78539816341,0.15,0.15,1,272
-0.6918418123922521,-0.04571284251727823,1.330972000527678,-0.15,-0.15,1,216
-0.7494883469490207,-0.10618039387609923,1.3479437641722725,-0.0685765722613839,-0.03883645820398696,1,216
-0.75,-0.07829705096307152,1.331885582304261,-0.15,-0.03711108463176377,1,216
-0.7268948262868364,-0.07558177635686597,1.3927215606640435,-0.07047089636910747,0.12269791005916393,1,216
-0.7400470152213265,-0.1250711893488191,1.3087171380552143,-0.016053435497036084,-0.15,1,216
-0.75,-0.04206454918984052,1.3424340217762922,-0.056849774472122916,-0.043233082605385456,1,216
-0.7465098957504991,-0.10041465450143709,1.254411895189701,-0.07596981859130633,0.09972236877544535,1,216
-0.75,-0.1294539246413089,1.2896419538729467,-0.06704539386730399,0.15,1,212
-0.7443241327374376,-0.06484117448814648,1.3437738268749555,0.07141583461876186,-0.15,1,224
-0.7168934662739477,-0.13659006575621851,1.3514520445338238,0.05385782481088583,0.052103482646394014,1,224
-0.6706991591927324,-0.09025760879821025,1.2942985916134575,0.020309429596564732,0.06476399703104341,1,212
-0.75,-0.09212261649887683,1.3054169764037633,0.04171842948411838,0.11117504297534997,1,216
-0.6433483312671866,-0.03737188837508775,1.2331032516626261,0.15,-0.14214360405045295,1,208
-0.75,-0.06793175502266902,1.2911454789563361,0.04356329527925938,-0.04119050887486538,1,212
-0.75,-0.09291801460392386,1.353516097172656,0.15,0.016657564152421804,1,248
-0.7205841396757712,-0.050778351706652305,1.337757189801995,0.10101393876415965,0.15,1,224
-0.7359504066132484,-0.022156289215800984,1.857629000652394,-0.15,-0.15,1,316
-0.75,-0.06377615134907355,1.8350843989423813,-0.15,-0.07021809963450114,1,320
-0.75,-0.09114903567449763,1.8329488725147423,-0.15,0.015686043212245766,1,348
-0.75,-0.15725847828417464,1.799579657609661,-0.15,0.07836643551301735,1,312
-0.75,-0.14492234982043528,1.86753713559346,-0.08545104788152452,-0.1427081764892308,1,352
-0.7075198951489488,-0.10692790188440005,1.853644361802803,0.04766295687632842,-0.020735028174183098,1,396
-0.7321492257017477,-0.12214227677463083,1.8571966569829734,-0.0762939837947602,0.0757441798038186,1,332
-0.75,-0.10101523181593897,1.8062939724499543,-0.04111249468659844,0.15,1,340
-0.7050200062283375,-0.0888341704218113,1.724928568589771,0.07002406932531642,-0.1337829894992566,1,308
-0.7346350239561695,-0.06518202894883011,1.8874533501710182,0.05655325931079243,-0.07663627491084518,1,416
-0.709356894058052,-0.09519160556962122,1.8086538417829132,0.046127826963700304,0.09198319322155943,1,360
-0.7185185579038194,-0.06734158447535657,1.7894569263811773,-0.009764688179962247,0.08212412300790324,1,332
-0.75,-0.08844294592616064,1.867269660179033,0.15,-0.15,1,504
-0.75,-0.175,1.8129950825873768,0.15,-0.09821000357116225,1,548
-0.7126353197438369,-0.1386334363576044,1.8855925337856645,0.0658670652938657,0.10400280295696551,1,380
-0.7194814867283268,-0.09887104445274743,1.8634460120621683,0.09879857045568102,0.15,1,388
-0.75,-0.15215140380872205,2.35619449017,-0.15,-0.12563473814775025,0,596
-0.7441336308345609,-0.06167023016685644,2.2878967046099734,-0.15,0.0035964932605898614,0,596
-0.6861167552105788,-0.015129125049481787,2.35619449017,-0.12470172232720673,0.006035860879400584,0,596
-0.75,-0.030728574081800825,2.35619449017,-0.15,0.15,0,596
-0.7226451309414981,-0.10233881021317706,2.33773063320769,0.05825280339033012,-0.15,0,596
-0.75,-0.01713035982416905,2.35619449017,0.009527429717179806,-0.007655894805754307,0,596
-0.75,-0.08423329380656108,2.2673827285250843,-0.03937129846838926,0.044238788372390106,0,596
-0.6950611574006405,-0.10852096522256863,2.35619449017,0.0013493131659866112,0.13075285557949592,0,596
-0.7087291825505985,-0.12233679984371365,2.3047259147608963,0.10529502121786544,-0.1229545740719505,0,596
-0.7093245181999681,-0.10679015099107309,2.2885609758778234,0.021802625597087826,-0.006191541640438357,0,596
-0.6847260596422835,-0.1110755075937281,2.2800765308591053,0.00918913777290175,0.016582740257659906,0,596
-0.7489498079183621,-0.08314585554789228,2.35619449017,0.053907153148482365,0.14694621643238118,0,596
-0.7159023514352518,-0.08363796761417343,2.324731320485361,0.15,-0.15,0,596
-0.75,-0.09151436565899594,2.35619449017,0.15,-0.15,0,596
-0.7337916823755779,-0.06981975817934917,2.3294044170173853,0.07115017589045013,0.06002298157068644,0,596
-0.75,-0.03213435292734959,2.2708265922903528,0.10985877780245787,0.15,0,596
-0.2451502017503641,-0.04418895989460047,0.78539816341,-0.15,-0.1368966595456637,1,360
-0.2202421487281543,-0.16591156508916183,0.847188744410347,-0.15,-0.14747808588771838,1,344
-0.29091103416167363,-0.175,0.78539816341,-0.05137289116050958,0.03245752849617626,1,348
-0.145380636215727,-0.04495067110470297,0.78539816341,-0.15,0.03908261199744592,1,348
-0.3003008690749851,-0.1600106015874377,0.7933990747026394,-0.02472053790820627,-0.08151494461729075,1,340
-0.3107094306393866,-0.10290493676130083,0.8104873002183772,0.02445565541641448,-0.10430272910590431,1,364
-0.1920944563249966,-0.15017231796963465,0.8412681042051231,0.0635724872711398,0.11277018047299481,1,324
-0.21041686530185322,-0.175,0.8578231249046463,-0.07021987115919806,0.15,1,312
-0.21879400914739225,-0.06459353025642725,0.78539816341,0.07457147263600998,-0.15,1,360
-0.218582724536786,-0.05370890865153431,0.78539816341,0.07848801785993234,-0.10663924756338726,1,356
-0.2506123386423457,-0.12049218670300263,0.78539816341,0.05977408657766453,0.0675185108193169,1,324
-0.2948627185742916,-0.175,0.7984121887391443,0.045057739938034684,0.10778379814084643,1,324
-0.2462097720903137,-0.1189788890792908,0.78539816341,0.15,-0.1448757678920896,1,364
-0.2838580855756056,-0.07207646639653933,0.78539816341,0.023387695739015724,-0.07414137954034591,1,344
-0.20124401332911243,-0.1656122451053731,0.8025875574874943,0.15,-0.03905792072328168,1,328
-0.2573528690751069,-0.08249867067770889,0.78539816341,0.15,0.03847659904377704,1,332
-0.2912748598396256,-0.09243215912531644,1.310636788767246,-0.15,-0.13866578757527015,1,224
-0.2660692920826497,-0.06270209168661224,1.2710721722616631,-0.0476568902140221,-0.07807788731653127,1,220
-0.22935342728621877,-0.085687648245959,1.2974769032863782,-0.15,0.022345509154293373,1,224
-0.27818622764019874,-0.14032011371074443,1.2627852817832514,-0.15,0.15,1,220
-0.29111101977832154,-0.03183809158344209,1.353506859552906,0.0495776651102367,-0.09132788616837775,1,208
-0.23781563942540437,-0.09959314531801516,1.3607594057328543,-0.09160306524249284,-0.06362723606809047,1,216
-0.23775167144456386,-0.09303189364216326,1.216687545884762,-0.07750576414682694,0.032970064654506914,1,236
-0.2753471587685565,-0.13833006462032646,1.2625213959870463,-0.057351271171542505,0.15,1,220
-0.27355191528091616,-0.11383077922624218,1.2341704762421628,0.09203672410647745,-0.15,1,236
-0.2383975031321182,-0.13590680236801173,1.2764957422763217,0.06039012536766566,-0.03884234726261515,1,228
-0.3224042170748662,-0.10031396966283782,1.3048250405071486,-0.01463126735761315,0.0775942985911077,1,212
-0.32037318871882775,-0.006081242659549485,1.2365146780117402,0.02339157184364051,0.15,0,596
-0.2859222110626218,-0.16026172381323447,1.262903948340401,0.11963227833938943,-0.15,1,228
-0.2606723575855924,-0.17234473656050373,1.2587990703925918,0.14613894773884772,-0.08806776349044704,1,224
-0.23445462172009976,-0.01810815029198623,1.3193603054666139,0.15,0.006086837358826654,1,208
-0.1762321891525224,-0.10213285052425997,1.3124641558484793,0.15,0.15,1,208
-0.20711701883989903,-0.12512030359966247,1.7965088369164708,-0.15,-0.1259627710116008,1,236
-0.25799692649817135,-0.03967143229686283,1.8414367581903033,-0.09680295062195718,0.024835520372299066,1,264
-0.25095081039513445,-0.12194744365350987,1.80526171035397,-0.13737155770016882,0.025251725981596335,1,248
-0.30012646823189043,-0.000366180989319842,1.8190129590670308,-0.08077339762030468,0.1251213750845393,1,268
-0.2509256567996195,-0.057770373099703204,1.9162683190982603,-0.02779008363546641,-0.09251639905606264,1,284
-0.2644329319460069,-0.1160622370739518,1.8996187671728508,0.005066147886788108,-0.03517115307348475,1,280
-0.23386407198309553,0.01619874399660852,1.7676166527369535,-0.026672734427493655,0.11338257555939868,1,252
-0.29136154717761614,-0.12195241281683358,1.8740823354772922,0.01731128781013741,0.15,1,280
-0.22403267428794138,-0.05456189806620131,1.873165542307913,0.07611253180088892,-0.15,1,272
-0.1733630543498711,-0.07670203764634206,1.7751825501457024,0.045104237677854785,-0.11665641773889034,1,244
-0.2554380074228429,-0.026579602196726754,1.8735345967710764,0.15,-0.02757561245294647,1,284
-0.22991441389505293,-0.013591106830324023,1.909492310503961,0.09445185611399459,0.15,1,300
-0.21549280041444438,-0.09006645921337833,1.7764684742711128,0.15,-0.09057015884564959,1,268
-0.2700610235942918,-0.12933756018397585,1.7867205735326201,0.08618477917308319,0.042468107069319055,1,264
-0.23879537590947916,-0.06866805951971083,1.8834787879255086,0.08558461912682311,0.092155266616162,1,296
-0.24937037996091024,-0.12555243515427197,1.8461704801246157,0.15,0.15,1,292
-0.2451161950725584,0.009002695709664499,2.35619449017,-0.14272394011158795,-0.15,0,596
-0.2886504891927733,-0.08483990011252979,2.35619449017,-0.15,-0.10782079083719284,0,596
-0.24877449128705287,-0.10993274423227209,2.35619449017,-0.142950865019397,0.09250396662087765,1,396
-0.22510008543772753,-0.08243265137342123,2.2898708837544457,-0.07056865359782019,0.15,0,596
-0.1774428196102479,-0.1590229811431515,2.35619449017,-0.015229876272485066,-0.14462778128295536,0,596
-0.20203645869573966,-0.14024736859219925,2.35619449017,-0.10705042548763692,-0.030631425968350508,0,596
-0.14234087712442217,-0.03164597126944539,2.3447249529665988,-0.05557544135714719,0.06615927412291028,0,596
-0.2883673781444025,-0.12451138061523645,2.354020642679307,-0.09024832404262804,0.15,0,596
-0.2063839681639661,-0.14401221580076365,2.279639115042214,0.030615004179571928,-0.0852507207591522,0,596
-0.24083289971308242,-0.06483402904030235,2.35619449017,0.02931921671851785,-0.02278898238298265,0,596
-0.14050985333911636,-0.03238145893351681,2.35619449017,0.02611772086979973,0.0922901436281464,0,596
-0.29041491426775756,-0.05571900113341332,2.3530849393200346,-0.012756768598669754,0.15,0,596
-0.2919860921090388,-0.041864282376375836,2.35619449017,0.1436172659240905,-0.15,0,596
-0.2799696322722011,-0.1295064210951397,2.339490628621003,0.12196961815763449,-0.012171766254342999,0,596
-0.35619478621549033,-0.16275720000375885,2.35619449017,0.003527565499886587,-0.019724753442963094,0,596
-0.276287751084038,-0.01659998406889232,2.305211273235394,0.15,0.15,0,596
0.2120433669223151,-0.10780065860877344,0.78539816341,-0.0955615172891664,-0.15,0,596
0.25751968932381036,-0.10420831748941903,0.78539816341,-0.15,-0.03570983566026335,1,504
0.26708779878885797,-0.025256959574213755,0.7966635595120471,-0.14905904751297008,0.0077423020786920385,0,596
0.3438085419607943,-0.06385516619663366,0.78539816341,-0.15,0.15,1,484
0.2975211919093025,-0.06887227806258628,0.78539816341,0.03478614389054327,-0.15,0,596
0.22115481721687985,0.016583450578387546,0.8267005219820753,0.044864434738655576,-0.12973779790816664,1,564
0.2050792664325821,-0.12384257818567382,0.78539816341,-0.042165313587673774,0.07103498155092393,1,416
0.27459595857532526,-0.0452746602626048,0.78539816341,0.0011765322092672365,0.12110396115836447,1,512
0.18398833964896788,-0.08881601042181243,0.872877358620271,0.05876433894669618,-0.10594266395933154,1,588
0.3415729382927177,-0.07823705272350381,0.8544708673445244,-0.01683627194379654,-0.04993371556327964,1,548
0.30897200603606434,-0.015243245346040074,0.78539816341,0.029408831551817123,0.06977104926940189,1,416
0.22654121739476477,-0.06627487885218547,0.8198835536722597,0.05659639833859784,0.1021215522492394,1,492
0.16434327354545614,-0.06475186271418501,0.78539816341,0.12727261406282778,-0.15,0,596
0.3176936187082706,-0.03804129980117655,0.798572524176553,0.1390673361282482,-0.07293193180505422,0,596
0.2442730077373691,-0.10991430314381093,0.8001093698606747,0.14543002212454428,0.09283512401212778,1,536
0.3118908155986731,-0.13362715003361697,0.78539816341,0.14595607510672692,0.15,1,484
0.17027861706028163,-0.14390712636771835,1.269808655717347,-0.14738707547512583,-0.15,1,280
0.22003124885231135,-0.175,1.2744698863808537,-0.15,0.0038424072328840167,1,280
0.25026218498590913,0.011143689830349454,1.2631873432226046,-0.15,-0.05848387088628512,1,284
0.2523490296882371,-0.14682708495275082,1.2674058285851444,-0.15,0.09029052994538553,1,256
0.22749672642603783,-0.10272934784595526,1.305638024494199,-0.0011092225156899838,-0.15,1,280
0.28114249661737495,-0.1055073316611127,1.273208939541129,-0.15,-0.11762543447203612,1,292
0.1966189785308703,-0.07629633177621162,1.3430995422822978,0.007679517165846271,-0.02917941948937902,1,256
0.24288102574893533,-0.05087980603970182,1.383359246763463,0.019317469863142173,0.15,1,220
0.25601478158559493,-0.04864299224867939,1.2799942769281645,0.03489097065086892,-0.15,1,276
0.27572194170293746,-0.12082053859511359,1.3209671640234355,-0.08015685439136494,-0.031029730119744515,1,264
0.2855807439044445,-0.10002275235598723,1.3339811945118134,0.03193447190163547,0.08452363430607565,1,236
0.19376789540810654,-0.07753766914225167,1.3325970525426305,0.046790791935559024,0.15,1,224
0.1732942914632189,-0.10410122297584401,1.312794702392471,0.09947008900355432,-0.1171118411924813,1,256
0.31388384109492545,-0.011299387865667018,1.3461310599146528,0.12423908030958786,-0.05347661431211347,1,252
0.2666157005989796,-0.06711791908475409,1.3331093866306996,0.15,-0.009349669415287247,1,240
0.21257567317217232,-0.054922777364175786,1.2471138178803018,0.15,0.15,1,236
0.32755759877612617,-0.05852260323329602,1.876053517802797,-0.15,-0.15,1,224
0.2557837317146429,-0.03299297379240041,1.8769602564466705,-0.15,-0.0967798149381213,1,228
0.30896485920319133,-0.08261558873148131,1.7944314093744043,-0.15,0.041104106209780084,1,220
0.25337592407050546,-0.156508264064459,1.8344926063557134,-0.15,0.10435945403517434,1,224
0.35303739624409936,-0.07168226907903458,1.8667621642238867,-0.025190040631834186,-0.15,1,224
0.33776704212216024,-0.12423451135625811,1.8221300236043654,-0.07676583562838296,-0.03279730392182668,1,220
0.23755179257604633,-0.11809750075415451,1.886244616971634,-0.02442502123190693,0.06741708696230633,1,236
0.2985785475477178,-0.06234846572891199,1.9507893393143014,0.046757702003011464,0.10510849667871852,1,256
0.28226879747925737,-0.029752513094984875,1.7932964129515843,0.09077505112221312,-0.15,1,212
0.31843157787661747,-0.09060308782986358,1.7635434844256446,0.04759557463346136,0.003716650238512184,1,212
0.20175382697099478,-0.07622501603671847,1.847786644363577,0.040842476447335255,0.07482000588669704,1,232
0.28430257299992195,-0.006555919434904758,1.8686738398396405,0.03216634329100643,0.15,1,224
0.30292122434247937,-0.07962900769223824,1.821052395891095,0.15,-0.09099359131292362,1,216
0.16206302567884429,0.03841748904235308,1.905258747749385,0.11863432770243484,0.007214653427996952,1,252
0.19083707436671124,-0.06339118438508945,1.765665424597171,0.15,-0.019393427522790108,1,216
0.14803839111199496,-0.175,1.867241645734914,0.15,0.15,1,256
0.23652965827777211,-0.05399958561144003,2.3259014491320555,-0.15,-0.15,1,360
0.2858771127897981,-0.07260874742252776,2.35619449017,-0.15,-0.07754909017691249,1,368
0.3251178526048014,-0.027179028962529383,2.35619449017,-0.13385127481911657,0.058400767026626416,1,352
0.2537047390209888,-0.05800759910316874,2.3178616607808324,-0.15,0.15,1,352
0.3314307772785646,-0.09858946586585535,2.328716633374571,-0.02498797652817151,-0.12495842044978941,1,364
0.1809949270892554,-0.15288157848113496,2.35619449017,-0.07668001532195835,-0.09392369006710301,1,516
0.16483087803224228,-0.10211782953096793,2.3368379576805243,0.011041064940652393,0.087122945679631,1,388
0.24722261505516907,-0.13419268937713166,2.353923929273388,-0.09383868906059224,0.11812062289620179,1,380
0.26920327244696535,-0.12069283915690279,2.35619449017,0.13560201420089463,-0.13916584405178567,1,496
0.24836526259529534,-0.06223774644563618,2.260210832360117,-0.0373818254914131,-0.06516750337385671,1,336
0.14662789499800616,-0.008171441449096345,2.3555026028652883,0.07173850322784454,0.0390566874132187,1,392
0.24554399802436058,-0.0719330901755176,2.3217081014667915,0.07377153412633117,0.15,0,596
0.18477652497475733,-0.15146081976842588,2.3315383490500112,0.11022214660295587,-0.15,0,596
0.2834836274415019,-0.06943653325565963,2.35619449017,0.15,0.04725975371384665,0,596
0.26832991230484243,-0.0318350923343841,2.293369145456037,0.15,-0.04105430346472483,1,368
0.20300601068363222,-0.12215581188263577,2.35619449017,0.03915905803229677,0.12011661583725713,1,368
0.7243066541331653,-0.09836752500031254,0.78539816341,-0.12486275962545926,-0.13148940550291294,0,596
0.6970393239055525,-0.0909322569302068,0.78539816341,-0.15,-0.020784291678234507,0,596
0.7468660451363414,-0.13091158232077865,0.8249167582125856,-0.15,0.04497621397141473,0,596
0.75,-0.05925264497447371,0.8024007281384445,-0.06854168175495273,0.14713046484992287,0,596
0.7007136976832228,-0.09771407409705574,0.8139288132709765,-0.0790891016696027,-0.12947249573361916,0,596
0.75,-0.07069004447131527,0.833807396436643,-0.10869399822044863,-0.06155347387288402,0,596
0.723487119081378,-0.13604127555677167,0.78539816341,-0.0598968864492341,0.11965906289674529,0,596
0.7103563583868828,-0.11353958168283718,0.78539816341,0.0533953169081776,0.15,0,596
0.7446484820022721,-0.05554759877527809,0.78539816341,-0.04158411236030132,-0.10635878244971826,0,596
0.6982378838790313,-0.110308324271255,0.78539816341,-0.0025654955819672393,-0.09830783616852086,0,596
0.7223175347326409,-0.005318474104996404,0.9328528846754363,0.12487158415898131,0.046030578779714844,0,596
0.6901061053705576,-0.11164847594739678,0.8476321424468394,0.14288511717688662,0.13497670256396482,0,596
0.75,-0.08043243037907236,0.78539816341,0.1448284387854858,-0.15,0,596
0.75,-0.04503712507301216,0.78539816341,0.08804736487366788,-0.03199179080271165,0,596
0.7150137246003707,-0.16258495331331824,0.8094914664959246,0.15,0.023117712111009162,0,596
0.75,-0.175,0.8127614032788983,0.15,0.15,0,596
0.7443835975154585,-0.1679494823951714,1.336441130762535,-0.11605265061188835,-0.15,1,324
0.7389515200233389,-0.02853746149530756,1.2962491493189818,-0.15,0.03595203064209106,1,512
0.75,-0.119259573961289,1.3027242259965217,-0.15,0.005183367070396898,1,456
0.75,0.036243297616745954,1.3253909152046346,-0.15,0.15,1,284
0.7234749426194736,-0.11987904659953609,1.3132915893113333,-0.03345743476922111,-0.1104070344805966,1,516
0.721209087967766,-0.08243910150681481,1.19803192035929,0.0225500719065668,-0.07853202151000564,0,596
0.7362474151424178,-0.01456116903827287,1.297506957467907,-0.006029147943129844,0.09262343217164752,1,300
0.6349039417632207,0.008637977741289493,1.266426617283651,-0.10386880384923791,0.08854082010997918,1,308
0.6742404468900723,0.011408512165153234,1.3177575099420924,0.11882482250097688,-0.07739411504087197,1,428
0.75,-0.031248355137009534,1.4582598891268372,0.06565660700065776,-0.049292536751712086,1,292
0.75,-0.04046354037609354,1.3273710222703818,0.0843532897929458,0.02017942960155601,1,476
0.7375481980221811,-0.062040319206607505,1.2933204546880468,0.12332704296393014,0.13504091137862828,1,304
0.75,-0.05274861285833477,1.3550870140955293,0.09442098752432243,-0.10955403653036402,1,500
0.75,-0.11922595248309334,1.3331313333571273,0.14820872106467683,-0.07922276459252192,1,508
0.75,-0.13257661083778202,1.3300016635192589,0.12342727243203924,0.012532115528861111,1,400
0.75,-0.09183538953721426,1.3393394686574502,0.0716070287317272,0.1389231701208131,1,272
0.7436041204259617,-0.10017589779291308,1.9354228928248105,-0.132664501119754,-0.15,1,224
0.7022229779699787,-0.11432806913303042,1.7760512928170376,-0.02442217242077882,0.04102719539709078,1,220
0.6696776839871214,-0.05684729429383089,1.856277318423906,-0.15,0.021680270439263825,1,216
0.75,-0.04390140623814112,1.7862766580842564,-0.15,0.15,1,208
0.7121824627357848,-0.08724632235207429,1.8603713469004457,-0.017972853246261328,-0.13952649581761137,1,216
0.6788873145201163,-0.017790162613903565,1.7866613890090286,-0.043846089917190946,-0.0992267025240984,1,212
0.7176713557878737,-0.14875112237334193,1.8117273739030793,-0.05565640262578703,0.04970226453936352,1,212
0.6959225998192803,-0.10134963963065256,1.8178412188714381,-0.11496081817229122,0.15,1,212
0.75,-0.1275077826968069,1.881386550550569,0.06163933714700817,-0.15,1,224
0.75,-0.175,1.8785184367804542,0.01216180114920367,0.009655647292551396,1,216
0.7496013679341691,-0.09580070095880162,1.7703098457610142,-0.05949608524892769,0.10107576963909318,1,208
0.75,-0.09775404208583084,1.8353424201333257,0.10972961102568653,0.15,1,208
0.75,-0.0159941795045601,1.7971167218458748,0.15,-0.15,1,272
0.7069357899335869,-0.06012608243892778,1.7696704690495666,0.15,-0.10399212238907435,1,212
0.75,-0.1428760078831269,1.8217448620621148,0.15,0.019320619731860264,1,212
0.75,0.0010379616500427596,1.8171715751605424,0.15,0.15,1,200
0.6981376922836772,-0.03061498189039901,2.35619449017,-0.13878301716109587,-0.12271066432338222,1,324
0.7404830660958196,-0.06256178149323587,2.35619449017,-0.10479912226193427,-0.15,1,336
0.7062190873307621,-0.10299087160915826,2.2873136151322884,-0.15,0.04959433991941248,1,292
0.6808600134517832,-0.13963862850284064,2.327955789961453,-0.08440081307130266,0.15,1,324
0.75,-0.11027700547021932,2.35619449017,-0.03396071370336581,-0.15,1,328
0.75,-0.037229235681457355,2.35619449017,-0.0402974028197063,0.014563691950793947,1,304
0.680071621309043,0.0025626486300637935,2.2768953245581023,-0.1135030544356016,0.07108900371254354,1,296
0.75,-0.014504490253057209,2.2621982709130477,-0.03565220728491457,0.15,1,292
0.7174678715439087,-0.11610913775598036,2.35619449017,0.008402254125277425,-0.15,1,324
0.7256437308117651,-0.1476475383311172,2.35619449017,0.01808586367357528,-0.003126125374653753,1,328
0.7203803037880565,-0.08462235432110646,2.3127798535761817,0.009231218584193929,0.13175331972637597,1,308
0.7068004615160092,-0.175,2.35619449017,-0.003311746594961265,0.15,1,320
0.75,-0.07550828095742759,2.224407103219156,0.15,-0.15,1,284
0.7084524941794481,-0.0990467959816001,2.35619449017,0.15,-0.06268380387711905,1,328
0.75,-0.11496849176007877,2.35619449017,0.15,0.03274176472751017,1,332
0.7474880945275432,-0.17140182003000642,2.35619449017,0.0888552490222218,0.15,1,344
-0.75,0.017346671995152496,0.78539816341,-0.14643731250445538,-0.11568232224927333,1,292
-0.75,-0.03496837531642891,0.7896825214801679,-0.15,-0.09194463370128682,1,300
-0.75,-0.06682917511884773,0.78539816341,-0.15,0.05339192569584687,1,300
-0.7122304387087122,-0.1519464439974158,0.7981673511937158,-0.15,0.04900363339219317,1,300
-0.7249541406187809,-0.009709078585865144,0.78539816341,0.011979200322078075,-0.0779027497099055,1,284
-0.75,0.075,0.78539816341,-0.069811483905088,-0.07561871203383469,1,292
-0.7450333847285388,0.07472962739406017,0.78539816341,0.0034189666847008193,0.05279319699222484,1,276
-0.7124306438314105,-0.031188146162646924,0.8179549755011829,-0.019793955520574103,0.13451751430059694,1,268
-0.75,-0.03844393635142236,0.8283207192428332,0.15,-0.09269862124932923,1,268
-0.7228319903810032,0.01510537947041786,0.78539816341,-0.02397221115698621,-0.15,1,288
-0.75,-0.05825260529274791,0.7873100631580014,0.11296166198933993,0.04916948288370454,1,276
-0.7214700665703421,0.006756261657639968,0.78539816341,0.10732204352003638,0.1447090621251151,1,276
-0.75,0.029970680585901188,0.78539816341,0.10133105809864826,-0.15,1,288
-0.75,0.05301332786088205,0.78539816341,0.15,0.03631132728178163,1,276
-0.75,-0.013341037157330971,0.9164378179614988,0.15,0.005633527057211429,1,240
-0.7475957526669309,-0.018517020842181625,0.78539816341,0.1386261870023296,0.15,1,260
-0.7370138749139259,-0.052232462671161384,1.3822058009342886,-0.15,-0.13218736056469582,1,216
-0.75,-0.049677351035326334,1.358839877669957,-0.15,0.013075962626775794,1,216
-0.7180703770611313,-0.01965727792840967,1.3230287592211736,-0.04750939521070369,0.01664054576112472,1,208
-0.75,0.010034942007475574,1.3969279632064233,-0.14996585905212587,0.11335155504381204,1,212
-0.75,0.03734589797832914,1.32760221262701,-0.010893499923427044,-0.09519650462613007,1,208
-0.75,-0.04849228086735058,1.328454898780063,-0.08954496908337767,-0.02873393458349448,1,212
-0.75,0.06630109511464276,1.3063409063457894,-0.08899264731108195,-0.02724686733383795,1,208
-0.7476300664341793,-0.021889513385461773,1.370175383117598,0.004099240462497114,0.12303474927683647,1,224
-0.75,-0.00940169805075514,1.3638204006872108,-0.017478810577576623,-0.13068086730759695,1,208
-0.75,-0.0456939172907245,1.2777130746218561,0.02923931160473641,-0.008111788922670546,1,212
-0.699685359539278,-0.12954534634698042,1.2430345792667283,0.05170137055361159,0.016038467340352233,1,212
-0.75,0.03586893648471916,1.298847907126884,0.05556863009200261,0.004287200509152933,1,212
-0.7082153943967429,0.028508861521288335,1.2689950107767844,0.14104533574919217,-0.12383884071314834,1,216
-0.75,-0.022399711189244,1.305820710265899,0.15,-0.1110160344971988,1,220
-0.7235097911042359,-0.004983797472089735,1.3708688457308738,0.15,-0.05086693990612058,1,252
-0.677921568967105,0.01746362755187164,1.2861318562423272,0.15,0.008383703750792948,1,212
-0.75,-0.08646062617766047,1.8304545455177545,-0.15,-0.10930095699011294,1,308
-0.75,-0.03478596720064807,1.835496851323753,-0.15,-0.043569127479751675,1,324
-0.721146393640973,0.03137990064775803,1.8750172586935976,-0.0902618569061531,0.03871718096438741,1,364
-0.75,-0.0710478044917958,1.7202512478841032,-0.10526764062130638,0.15,1,288
-0.7314427063314346,0.006344563274998133,1.8022606998450685,-0.11864297257405321,-0.11813376584884636,1,320
-0.75,-0.07616242356450359,1.843159899197307,-0.032426004982389914,0.030815002136095823,1,352
-0.745670510626355,0.014988165788342986,1.8925996624046764,-0.14891126246874054,-0.01963677360834984,1,416
-0.75,-0.01011540744820751,1.8080005922080231,-0.04765325489698152,0.14827246880230183,1,332
-0.6916108969170096,-0.0890899241286088,1.7387680792812397,0.14488835083729884,-0.15,1,380
-0.7372789578349394,0.04990363438952524,1.8635812868816402,0.0026053641365506724,-0.06146911659277336,1,348
-0.7331198668962399,-0.04506291217323579,1.8008275951420518,0.00828384772542088,0.03756920731166612,1,352
-0.75,-0.04884595518405238,1.7731123816288152,0.08820148907864298,0.15,1,364
-0.75,0.0016951265282138112,1.8013784450976722,0.07285992423951769,-0.14772180594290507,1,384
-0.75,0.04909853413810243,1.8233694467005408,0.11836224850574803,-0.018829643086004225,1,376
-0.7302773928810852,-0.05912442428225318,1.8023584813564226,0.15,0.0851720066569447,1,400
-0.75,-0.005249340840934749,1.72231741172838,0.11828570761552984,0.15,1,360
-0.7355112571551794,0.013107491683195319,2.35619449017,-0.15,-0.15,0,596
-0.646229960067728,0.02632194702982387,2.35619449017,-0.11279071448424827,-0.09705113503331896,0,596
-0.7064437648284154,0.0004887444305279286,2.35619449017,-0.12892269582317192,0.06230418076582043,0,596
-0.75,-0.026684725287499447,2.299310206648759,-0.1366590801852299,0.10988599864302281,0,596
-0.6899393038918028,-0.04971284436576932,2.346119913472624,-0.06695611396350194,-0.0759019615781732,0,596
-0.75,-0.004026139181014594,2.355868424408527,-0.031496944236552235,-0.06416090194726164,0,596
-0.75,-0.06194028393261368,2.35619449017,-0.056186634004987836,0.02172118160630047,0,596
-0.75,-0.1544008575080637,2.35619449017,-0.027109719503710765,0.12643421394244408,0,596
-0.75,0.013494656874550062,2.3194858002310754,0.025153398744101076,-0.11407912882641794,0,596
-0.75,0.03686340872097643,2.35619449017,0.04087155128102293,-0.057887349161574266,0,596
-0.7490790810405225,-0.12647995511042526,2.35619449017,0.000502110372399292,0.01791665899348087,0,596
-0.6661781343862359,-0.05881986856883021,2.35619449017,0.048249619499688194,0.15,0,596
-0.7336536313117918,0.02262437971692656,2.35619449017,0.10944995681855775,-0.15,0,596
-0.75,0.075,2.35619449017,0.09429767749190032,-0.048221696298350325,0,596
-0.7085297209408256,-0.007293647949562936,2.35619449017,0.15,0.08261530758051151,0,596
-0.75,-0.044733480394790054,2.35619449017,0.15,0.06843324447914632,0,596
-0.2382192720945717,-0.01747815538857534,0.8058863032079748,-0.11085631325257136,-0.12598697492970373,1,372
-0.21145674030565165,0.060410487624075915,0.78539816341,-0.15,-0.10275538377402248,1,376
-0.3239293122889921,-0.0406315422895601,0.8555666619162595,-0.12959735765816222,0.09113913904170012,1,312
-0.19281229783965353,-0.04829293366584601,0.8202933270369513,-0.12246012138631683,0.10186744940405118,1,328
-0.2330751796252793,-0.03247050944243496,0.78539816341,-0.027761309608420263,-0.11536154840755697,1,352
-0.27076439569504007,-0.05599976374626895,0.78539816341,-0.09128268414010711,0.005291653314735634,1,328
-0.21836090669468575,-0.0021998175335935545,0.8002269406670381,-0.042531825886440555,0.09307182628164024,1,324
-0.1364653571097802,0.0729005895901447,0.8085574031733792,-0.031792985197266935,0.15,1,328
-0.24090668724707523,0.007820630322468124,0.7952627766915603,0.050358923345397086,-0.15,1,440
-0.2375889706849832,-0.020951008439647714,0.8009635970821443,-0.05432388291855425,-0.0788209788167422,1,368
-0.2729680449770122,-0.02292389677911054,0.8703960321388191,0.058024481198674,0.12355173454085519,1,288
-0.2924922184732396,-0.0864928737681662,0.8389753210217443,0.15,0.11502523899161783,1,300
-0.20848320917278773,0.035822155524024624,0.7949299429732513,0.13199803656215087,-0.15,0,596
-0.2928041912954434,-0.012225193183973432,0.8324636924483741,0.11359614510723393,-0.016731553248358504,1,316
-0.24642168813903037,-0.017357329012864617,0.78539816341,0.15,0.010193159840675217,1,324
-0.2738828723382558,0.075,0.8052945159073405,0.15,0.10249682512669364,1,312
-0.2260510087126804,0.006604312084950981,1.3994622564833221,-0.09036324172917927,-0.15,1,212
-0.2333168947356526,-0.04592288583809255,1.298094644227048,-0.15,-0.07414549197302589,1,240
-0.19812300278710504,-0.029651213143610498,1.2666152425657125,-0.11343098737125037,0.045864248805175326,1,228
-0.27550081994273734,0.04908895212650441,1.2763924945670138,-0.12047889693742682,0.15,1,204
-0.2634937467646686,-0.0026698128064451083,1.2545152871295473,-0.05710732684702731,-0.10243468778502582,1,236
-0.29893818578911535,-0.08024723224920167,1.2697588435902816,-0.0330656341039155,-0.023655103816710318,1,228
-0.2722146630038056,0.03762811339542685,1.2904715340671653,0.001472874079917863,0.040456389022341,1,208
-0.2311349753477574,-0.041740537610283034,1.2387185880377345,-0.006384230998577482,0.140090216181014,1,216
-0.2121505691677324,0.075,1.3097778556941468,-0.007150965603686443,-0.12449212655424083,1,220
-0.29610826620888125,0.0456690699523991,1.354110797685999,0.09100790933777422,0.013628508146428478,1,200
-0.20651970399471697,-0.030699428116270893,1.2636091299893206,0.046765569748374064,0.05631570997416,1,216
-0.18221810705975244,0.05571748475342232,1.3849611351787552,0.05364370490077576,0.12654345728947955,1,200
-0.22932825483881497,-0.004940557806963166,1.3345365434230465,0.15,-0.15,1,212
-0.15616020937209668,0.034305350422777645,1.3605259682778696,0.142487850560087,-0.12226026322061129,1,208
-0.28868945995517864,0.01590330753139041,1.2761052113040598,0.15,0.08331348360217615,1,204
-0.3122327351655709,-0.05065116608287701,1.3517232003499975,0.1458141020075394,0.15,1,204
-0.33893601244521393,-0.04051082494920643,1.7779990195635678,-0.15,-0.12113182374466691,1,244
-0.17519778442554085,0.04316470754572473,1.8771080896251588,-0.15,-0.056432972317602796,1,264
-0.2172817171822971,-0.025072099938660376,1.84118768157301,-0.1410652641594762,0.12034673729458753,1,260
-0.25277923354552273,-0.02851575649543317,1.8602582755825725,-0.08853926078514747,0.12579407527075911,1,264
-0.23600156868400898,-0.05608946230080098,1.7738159843020909,-0.019845265752558322,-0.10223653813963972,1,248
-0.30627445236491885,0.012846619946339722,1.7878422224695032,-0.09252676393735221,-0.05193714474947715,1,252
-0.12771240101915868,0.075,1.8624571254960025,0.07425949583394457,0.019582461766033107,1,252
-0.24353894090123862,-0.06170997904604698,1.7851783143721234,-0.03676123445110102,0.15,1,252
-0.24453026026975536,-0.007122360499695428,1.8557560291882895,0.11376953689995073,-0.1295181940658003,1,276
-0.2137116688050654,0.062277694437438136,1.764238824260321,0.04241427832113853,-0.0321513620366537,1,236
-0.22594953841316434,-0.012315402895619089,1.8750044252166669,0.07666796223527246,0.05406392110280993,1,280
-0.23880579878604344,0.014285256479153366,1.770969548844908,0.09197342522592022,0.14810534591415844,1,264
-0.28952372277226557,-0.06145300974067732,1.8602107114673094,0.15,-0.030581400356478064,1,292
-0.22642658214320022,0.013082021527049098,1.8638772612656334,0.15,0.009212832259808644,1,292
-0.1558987751762483,-0.01769054658356077,1.7977571236618546,0.15,0.0861413447492756,1,260
-0.1827289976922511,0.04095316645065982,1.8616970429375697,0.13424566344029457,0.15,1,280
-0.17034066866803016,0.05103596924490423,2.35619449017,-0.15,-0.09964213997016654,0,596
-0.27556078382155924,0.075,2.329252397360363,-0.1333696244837901,-0.024100261180427407,0,596
-0.299480241012929,0.02064832532734545,2.30576675596619,-0.10334359638294652,0.051310237638701774,0,596
-0.25628934600498243,0.007956482495774991,2.258063205586371,-0.15,0.13482178373670425,1,356
-0.24721375438556528,0.0013858817455334703,2.35619449017,0.0032585982857193246,-0.15,0,596
-0.19529042407645258,-0.02599164797386775,2.277954351601897,0.022630837274308965,-0.15,0,596
-0.33462323148574097,0.008590858839751227,2.35619449017,-0.09581604595367099,0.06053004196488208,0,596
-0.1735224840269693,-0.0231034038402848,2.3430220793658876,-0.091846035189814,0.125576195994482,0,596
-0.25790039492894945,8.971548014738255e-05,2.35619449017,0.04298124705473316,-0.0703665000858558,0,596
-0.271344053497371,0.057546543447064655,2.341092215195507,0.0653806334094598,-0.04903279645941229,0,596
-0.3006052187630084,-0.05866046159731539,2.3397221008526454,0.02377164931164744,-0.009448170976748105,0,596
-0.3327428335932885,0.04866059472311894,2.35619449017,0.11761013394335722,0.1475059922935941,0,596
-0.20884147080190427,0.05752242003365994,2.35619449017,0.15,-0.15,0,596
-0.2463341016405798,-0.01423675968288727,2.35619449017,0.15,-0.02632962921437668,0,596
-0.3144980449870527,-0.11442607828376307,2.35619449017,0.07820452380657361,0.06454736821697427,0,596
-0.3147539386031808,-0.038724432688054956,2.279415884009645,0.08420920917862464,0.15,0,596
0.2332107650354936,0.056516393994722136,0.8232375974093491,-0.13594953748590968,-0.15,0,596
0.3334510762644697,-0.009476736448277437,0.8160216031106802,-0.15,-0.04829959518859266,0,596
0.23702043243181975,-0.05829844494807887,0.78539816341,-0.0993681295177964,-0.018251089771331774,0,596
0.1748428523440947,-0.0335720793947442,0.78539816341,-0.15,0.15,1,444
0.2377128467957028,0.033697667991894324,0.78539816341,0.11215464847973668,-0.1240564409779939,1,552
0.23636382151261648,0.019003345076735637,0.78539816341,0.06539581253080554,-0.02520974894862146,0,596
0.11515566785292142,-0.020279938291818046,0.8020911617384268,-0.05907245346237584,0.050080951567847046,1,396
0.2472852566741094,-0.02667455392406771,0.8569665025015591,-0.05531685012656575,0.15,1,348
0.2384532734895661,-0.027921240785524427,0.8394864997936414,0.09977907570010147,-0.06978304458457017,0,596
0.28481031824067093,-0.05445384255825846,0.78539816341,0.13515863049590188,-0.0642547128521007,0,596
0.34244780474726727,0.07243545114013876,0.8165016629253025,-0.03190145287180085,0.056932259185504215,1,528
0.30632825147738785,-0.024449356793900326,0.8518448293867705,-0.03931877326773435,0.09569368504092951,1,532
0.23655556547225848,0.05252459270794149,0.8047385894444602,0.11889825972228092,-0.15,0,596
0.1946737045629165,0.06773246926278924,0.8399471846692984,0.15,-0.045109335345334636,0,596
0.37866799016249303,0.04158221157406469,0.8860116856950383,0.15,0.10519667733509536,1,344
0.25296092170072443,-0.029914348969235754,0.8365836407153491,0.15,0.13718595878742137,1,360
0.2506964645956473,0.011853171183497144,1.3214623687787532,-0.15,-0.15,1,276
0.24879374564449983,-0.00954311365287914,1.3612513627009044,-0.15,-0.07034426222521874,1,260
0.25990423803839274,-0.05351842636983974,1.3162413306515113,-0.10709929023489273,0.023262166457783832,1,256
0.2427819794038029,0.00788463075274682,1.3101920911609144,-0.15,0.15,1,236
0.2213168996559882,-0.06728532289132347,1.29142622721098,-0.15,-0.15,1,268
0.22265705293798038,0.05105063608974486,1.3871676069382721,-0.04274681270203092,0.014046978833336374,1,232
0.2483623364892001,-0.031564198198252985,1.2680755056995667,-0.01034121558906613,0.016728885093526963,1,260
0.22282876144331176,0.0017246494603086332,1.3856153252305725,-0.056102856606063865,0.15,1,216
0.21435771086614178,0.005831060243973778,1.3339901451836853,0.027107580690875526,-0.15,1,260
0.25532151138459486,-0.021278582018537197,1.2390316302565696,0.042031888392704664,-0.016557993472689096,1,268
0.23725113912895723,0.021001356740430407,1.3273794036462379,0.03147086187996084,0.08359723039072486,1,236
0.32519964942913443,-0.03207851616445956,1.2039956136140855,-0.017402355597008368,0.15,1,260
0.11745150958034939,0.035231531539528876,1.3402723398382186,0.1142659661504784,-0.15,1,232
0.30457534259612307,-0.07563231734567076,1.3532585131461163,0.15,-0.037522590520096155,1,236
0.31230425962488145,-0.0020143543560127396,1.279379141214064,0.15,-0.009152809236719461,1,260
0.1463304883795925,0.075,1.3151743237944458,0.15,0.13736183724519072,1,208
0.23286562029598257,-0.05834989956361207,1.9303035862708477,-0.15,-0.0985293449522337,1,228
0.23142795670021044,-0.04222058185957591,1.8073083793702365,-0.15,-0.0101649036464629,1,216
0.17962441526410894,0.01736205914961242,1.7796503352305033,-0.15,0.05075914712702165,1,212
0.21110916562045623,0.0006457557636465657,1.9066788847064633,-0.1410761668057305,0.1012596712038579,1,240
0.19447120772670856,0.009198171630344629,1.9307250741098732,0.021442885390678373,-0.11772061439129032,1,236
0.3376135221711811,0.016126023174049847,1.8327804981757256,-0.12370660660210529,-0.04903093811509874,1,212
0.29678391965737305,0.023402740094755167,1.8831688663537511,-0.07929638366588777,-0.06601577991152119,1,228
0.31357775474970795,0.04715165876447783,1.8996695103598775,-0.033544661064493525,0.15,1,236
0.28608360320216175,0.012157599513092296,1.7954715029564141,0.11264213172137418,-0.15,1,212
0.19354741143913853,-0.020396216064260453,1.80833042281494,0.027588769184992517,0.010122562399153615,1,232
0.2237739866860113,0.025295351726803236,1.89413944024107,0.015387483536705167,-0.004763525942140245,1,236
0.2744687280613959,0.075,1.9168464285187587,-0.048446157120804176,-0.00883519065980004,1,232
0.18889360955540274,-0.01496502065246201,1.860739757592051,0.15,-0.13604580708274072,1,232
0.2856499215086194,-0.05705979856686541,1.7886049969082307,0.15,-0.035421816165901364,1,220
0.23798373009209325,0.04702070013101531,1.9319487701683054,0.15,-0.034533581380322614,1,252
0.23125895962252013,-0.014352391531013243,1.8060471696927352,0.14888605104081432,0.10107502270666968,1,228
0.2855479984101746,-0.11696681063403515,2.3394376011114275,-0.1338958844616507,-0.012239112814004915,1,368
0.272213165574302,0.034037750524187754,2.35619449017,-0.15,-0.06528053070769017,1,364
0.231951691709046,-0.03509974263102947,2.35619449017,-0.15,0.0865479488188108,1,376
0.3079664901682124,-0.01285999744854137,2.35619449017,-0.10883600421611472,0.1174670086315808,1,368
0.19594683362000515,0.008265683195117397,2.35619449017,-0.038711923844412285,-0.15,1,380
0.28079678034721317,0.0011916506556199895,2.35619449017,-0.049119337403317136,-0.058512912339795276,1,372
0.2796550628984192,0.02713925752361864,2.35619449017,-0.0987683013639125,0.03671977198569473,1,372
0.2345226780343005,-0.0301076518618255,2.35619449017,0.015175396596737958,0.13000608806658143,1,392
0.2663066511121059,0.017321956575470806,2.2297164862852847,0.08323513726665549,-0.15,1,324
0.18744432118073484,-0.021310667212529194,2.3413641172165103,0.022353958131634887,-0.036786586417718176,1,436
0.29620135096034506,0.02860719071104182,2.35619449017,0.10009124268409686,0.04249415243730966,1,440
0.24075489317785054,0.02243504086731934,2.2986437859890247,0.02512145808073963,0.0867996916026318,1,364
0.223863848974048,-0.0551052684355631,2.35619449017,0.11089982537444815,-0.12569076042190305,1,464
0.3024504612918445,0.04596577247541828,2.345970929120694,0.11201484412598564,-0.14746858776612115,1,448
0.21478281547286204,-0.03513150558903573,2.35619449017,0.06144657234559543,-0.05251787286421003,1,364
0.179576935181822,0.032069556580723926,2.35619449017,0.15,0.15,0,596
0.6721685413238048,0.010031032336733702,0.78539816341,-0.15,-0.12464898639323216,0,596
0.75,0.075,0.78539816341,-0.15,-0.05286976825370181,0,596
0.6859785323751858,-0.019506632451925937,0.78539816341,-0.15,-0.01977242523775362,0,596
0.75,-0.025799173139243205,0.78539816341,-0.15,0.11460445296629623,0,596
0.6459035296058139,-0.009304313627719963,0.7951494126114064,-0.057516023013593605,-0.15,0,596
0.75,-0.023492322475047102,0.78539816341,-0.0663348106593182,-0.12979469842870567,0,596
0.75,0.03166376176376917,0.78539816341,-0.10212888473352882,0.013048567098838344,1,432
0.7451643444064804,-0.08914886375516273,0.8165337246050135,-0.108611687671832,0.15,0,596
0.7227540456595525,-0.06101745429065104,0.8168746426210906,0.0732184931773287,-0.07863473178553917,0,596
0.75,-0.06172347941229299,0.78539816341,0.0224724034145756,-0.07097173763292754,0,596
0.7481182648787575,0.03918204626534546,0.83016593494813,0.06581791607680723,0.0878244177158049,0,596
0.75,0.075,0.78539816341,0.00573756569378886,0.05429699647062662,0,596
0.75,-0.013555794260206908,0.7980564253118991,0.15,-0.11702743794431941,0,596
0.75,-0.016774419492833863,0.8264153640406229,0.15,-0.09019742073637406,0,596
0.7318193893893072,-0.004830725177674262,0.78539816341,0.15,0.0653672808353985,0,596
0.7471527188139466,0.049760581797076195,0.8081352090170567,0.12937930908917597,0.13761237908801452,0,596
0.75,-0.05470099004286204,1.2831754568022882,-0.13714005148220362,-0.08397929951080828,1,556
0.6644915803671687,0.003585115803405925,1.2991736098252618,-0.15,-0.09372178241699591,1,448
0.6825907288947144,0.04042654815578816,1.2987039674526497,-0.1496059907652636,0.08138031487809155,1,284
0.75,0.01672137516365893,1.2716680216696548,-0.15,0.13602462683517333,1,428
0.75,0.0011457474966038387,1.3001582308408777,-0.05821676029426956,-0.15,1,576
0.740800833182366,0.04171897129502373,1.2315660240534794,-0.03939533234629124,-0.05919269465796049,1,540
0.75,-0.1434949479832952,1.2844392516395615,-0.09966793497909754,0.007716344775294343,1,456
0.75,0.025560432643212054,1.294753164328183,-0.10079394134949893,0.14929505170466642,1,292
0.7230120159845319,-0.041037117489704525,1.2961879513718977,-0.01942712769156056,-0.15,0,596
0.7110847637298844,-0.09986497817615618,1.2969220667031278,-0.030013555225185506,-0.03793798757966354,1,316
0.75,0.017226796642915706,1.3059087290036602,-0.010864134611023979,0.05422525728464312,1,440
0.7010813611192483,0.06034959392481455,1.3329690149009699,0.05797312534020645,0.15,1,276
0.75,-0.015205759064717925,1.3527227927032928,0.10536062422540579,-0.10382456919763156,1,488
0.6648708197881079,0.03931039402681361,1.2765086776542534,0.15,-0.10253116609139007,0,596
0.75,0.07228057956609894,1.2488368962272094,0.15,0.09343862502953854,1,440
0.75,0.057412389345869036,1.2568947183845116,0.05157478932809731,0.09068317864450727,1,452
0.75,0.07366489313523632,1.808235568523587,-0.1172512207889155,-0.12060720559311325,0,596
0.75,0.02877304122026128,1.814999648692508,-0.1094600677204145,-0.019013060764856565,1,208
0.75,-0.004561651388253691,1.7940959112734605,-0.15,-0.04556584458312522,1,216
0.75,-0.08843162392819176,1.7677898813708386,-0.12899042285525042,0.15,1,208
0.6579562884334177,-0.020636457739830763,1.809789673209624,-0.09282491187045995,-0.15,1,216
0.6860211516632149,-0.05049566309914292,1.8416670455890318,-0.04511648116258323,-0.08793826289676876,1,220
0.7187590711152161,0.075,1.8623471878751117,-0.11322492034774828,0.11754261653495027,1,204
0.75,-0.017127623954950162,1.8047245619279173,-0.13965532262672886,0.11731604296812904,1,212
0.75,-0.0021730929941090474,1.8119458234761616,0.030859140519351555,-0.15,1,212
0.7137128093423267,0.019240935468690046,1.7862607991409678,0.04381355268625818,-0.04621525299974533,1,212
0.75,-0.006153211014710645,1.8310237560645946,0.030116015319269787,0.08427948731492081,1,204
0.7122308533823338,0.075,1.7901742828737925,-0.009201527911127987,0.14291757069949365,1,200
0.7194241098504026,-0.03946580142005593,1.8612521052453934,0.13000504689344314,-0.09168147271653738,1,216
0.6796669451575889,0.0013970394285288054,1.7433023899866278,0.15,-0.023451216901795476,1,212
0.7038383376944548,-0.04545686261823575,1.8146142309607103,0.14775534849387315,-0.05891056598657153,1,212
0.6824157697191833,-0.07433445889436863,1.8476510815429206,0.15,0.12352665182464959,1,212
0.7012063373511334,-0.038921787878597604,2.35619449017,-0.15,-0.15,1,312
0.75,-0.010185173185753932,2.35619449017,-0.09141410426419201,-0.026031952328528885,1,324
0.7025300555584029,-0.029798444559196332,2.35619449017,-0.15,-0.0812408528187056,1,320
0.75,-0.042954382327026135,2.3059917603278994,-0.12562198514566406,0.15,1,308
0.75,-0.07864920651692503,2.3514212778155463,0.009094554647998077,-0.1234486952552895,0,596
0.75,-0.012488611964768071,2.2673821734966775,-0.025954595362555233,-0.04255615980411545,1,304
0.7070821109909393,-0.08356935203488344,2.352164502705162,-0.060126211353241504,0.1090783858209573,1,336
0.75,0.0296694648511468,2.314541687319962,-0.07641485233314896,0.15,1,300
0.7212181086881113,-0.004211345686608167,2.35619449017,0.10180438255231279,-0.10646266777057983,1,312
0.75,-0.08121090830657986,2.3287174764402234,-0.021148746263083662,-0.002559345176418995,1,316
0.75,-0.023793787185826504,2.350356194380238,0.0014937869810178056,0.056534501223219104,1,308
0.7451970050137675,-0.045941153612862495,2.3244165980997797,0.030122111725413916,0.14292371233165257,1,308
0.75,0.007625392187625691,2.35619449017,0.15,-0.15,1,312
0.7148411787437057,0.058689188967823894,2.3401323518641046,0.15,-0.0913055995857271,1,316
0.748250575475152,-0.10209195681562057,2.35619449017,0.10159771207448773,0.01564929501502512,1,328
0.75,-0.0025820293759624725,2.35619449017,0.13448461473075482,0.08247220178285083,1,336
-0.75,0.06699336022166798,0.8095014997767693,-0.15,-0.15,1,288
-0.6593775721001536,0.075,0.803834820775876,-0.15,-0.13423337886131936,1,304
-0.7146124032272262,0.075,0.8050880283208126,-0.10105552207216104,0.05954582620718552,1,276
-0.75,0.03740153341305904,0.78539816341,-0.15,0.1481834695978829,1,288
-0.718379613047224,0.05904730321666909,0.78539816341,0.030439042786718676,-0.1426532350806656,1,300
-0.7013722775186635,0.035198707159825544,0.8276560619692162,-0.008588515490768861,-0.07610657850099962,1,268
-0.7189095018891402,0.075,0.78539816341,0.004543083530184899,0.15,1,268
-0.75,0.075,0.78539816341,-0.07314697560126292,0.15,1,280
-0.75,0.075,0.78539816341,0.04250296404604452,-0.15,1,284
-0.75,0.07196695930926895,0.8706034392227746,-0.021657590726235618,-0.038356595628655094,1,268
-0.75,0.03957966165447686,0.847742749186736,0.023766879646659838,0.01959969285313381,1,264
-0.7189663951224661,-0.0006857196306413599,0.78539816341,0.07468274238215754,0.09927601366462929,1,284
-0.7411149499533373,-0.015156983812797259,0.8329706272629044,0.15,-0.15,1,268
-0.75,-0.004206797150274499,0.78539816341,0.0946421591598774,-0.028389165462037305,1,284
-0.7309901074497018,0.075,0.78539816341,0.1317247031507367,0.01593098824652129,1,268
-0.7194707127358089,0.075,0.78539816341,0.14243503898837387,0.15,1,276
-0.722010477603448,-0.004059535101606684,1.3871413774220767,-0.15,-0.10031088927347803,1,208
-0.6959609637222689,0.075,1.2952972849052016,-0.12043253791207997,0.01869571926057248,1,204
-0.7083038922725547,0.05084694741582802,1.2968277400279158,-0.15,0.00738066169629481,1,208
-0.7270409960385782,0.075,1.2940050291829226,-0.15,0.15,1,204
-0.75,0.075,1.404203768475317,-0.07259746859559389,-0.11837728916788495,1,208
-0.75,0.075,1.3902948847647698,-0.08946692528598373,-0.07370890875519825,1,212
-0.7285190890433707,0.06157346760470838,1.4199359506690734,-0.05035224927402774,0.011411402130356234,1,212
-0.7396156156418444,0.030440388729235622,1.301044678476664,-0.06078047892840112,0.15,1,208
-0.7364210581402313,-0.032590770066465255,1.3237781634340215,0.03140710588606671,-0.1386252062133973,1,208
-0.75,0.03904233403787899,1.233164811525627,0.013576918915982845,-0.018201612464413104,1,208
-0.75,0.06444348805861527,1.3828436603025804,0.06597623353914776,0.008896199408603617,1,244
-0.6973423573333548,0.025641023642440794,1.25060796143327,0.13268086342461424,0.0890357766738903,1,212
-0.75,0.06843715164538476,1.319835717184798,0.15,-0.15,1,272
-0.7159249651313688,0.075,1.2541318126150245,0.15,-0.056201069369499854,1,224
-0.748584081193477,0.06375720090959607,1.2795535976597319,0.08048890374232685,-0.003211000340867458,1,224
-0.7485121930252128,0.042499870958827006,1.2671338174441817,0.15,0.14950775956748086,1,240
-0.7030858097012002,0.075,1.8022019515495424,-0.15,-0.15,1,300
-0.75,0.075,1.8056395794258844,-0.15,-0.10600237112349362,1,316
-0.7451939611529508,0.02048004612785769,1.8051822748370796,-0.15,0.08354556241384375,1,320
-0.75,0.075,1.8742624101723486,-0.09040503327932134,0.15,1,364
-0.75,0.07007059338578692,1.7773525749302073,-0.0024992085665177174,-0.15,1,332
-0.75,0.075,1.8436227859340266,-0.037849763897280016,-0.10088821545384766,1,376
-0.7388933114183144,0.075,1.8934936721986113,-0.12663502799449655,-0.001370177576300563,1,304
-0.75,0.075,1.8069358963576636,-0.059814032569396845,0.1313365877029343,1,320
-0.6872121937213239,0.075,1.7966997700459533,0.06508500044508676,-0.11777407541773542,1,348
-0.75,0.075,1.8210694833243208,0.05877681147892989,-0.0035877154327837724,0,596
-0.75,0.0443781312679781,1.891581975001369,-0.042189679174037306,0.025173413225901536,1,380
-0.75,0.075,1.8423010961310013,0.005484107599006395,0.0923253787007608,1,352
-0.6776511057823134,0.017813689633966907,1.8060349998529535,0.14679611179256416,-0.13660781810668332,1,336
-0.7401722611744213,0.075,1.8567895471427354,0.15,-0.09117674853129248,0,596
-0.6984077730265683,0.07333850046777696,1.7774811070915122,0.040193608945002665,0.024087368056939867,1,320
-0.75,0.06459415713637301,1.8666636901054807,0.14189380122600706,0.15,1,352
-0.736647486706537,0.06857312442805347,2.35619449017,-0.14284756150605238,-0.10864422857171159,0,596
-0.7055184602188281,-0.01909245227488196,2.340804066613056,-0.10751940057418934,-0.04210128438742742,0,596
-0.7458858005362288,0.047563754612951925,2.3142652002476387,-0.11535712078812815,-0.013595950055636158,0,596
-0.6967259812467325,0.075,2.311860444055827,-0.12087143405955973,0.15,0,596
-0.75,0.075,2.35619449017,-0.08999702533509671,-0.09686713546062367,0,596
-0.679532627990721,0.023616242953702085,2.35619449017,-0.1454001068561654,-0.06878168328827679,0,596
-0.6350550938190375,0.075,2.3243291028185604,-0.06965263785307005,0.11755570449933575,0,596
-0.75,0.03169125758927495,2.35619449017,8.159126042800446e-05,0.15,0,596
-0.75,0.075,2.2518431392398965,0.11967272637622156,-0.06681335839282632,0,596
-0.677330776144115,0.075,2.32696360363714,0.08552745511488927,-0.034737843673432356,0,596
-0.6710213927134644,0.042688634507809846,2.354641543526455,0.0714670411400867,0.0793695849903006,0,596
-0.75,0.075,2.310710319320908,0.06898198241929826,0.15,0,596
-0.75,0.015318158412175993,2.3093691714305202,0.12219406266196096,-0.12763030314655122,0,596
-0.75,0.075,2.3228055123465556,0.143496985322319,-0.07506170538951064,0,596
-0.75,0.075,2.35619449017,0.15,0.02757285817360692,0,596
-0.75,0.041468989546167755,2.346828039249681,0.10287209971040617,0.15,0,596
-0.3002070383376034,0.075,0.78539816341,-0.06926106046450742,-0.15,1,372
-0.28838987825520646,0.06249767427005236,0.78539816341,-0.15,-0.057162945768209635,1,340
-0.25173424436933906,0.075,0.78539816341,-0.08372839454524607,0.10482735591151268,1,328
-0.23828926337317397,0.075,0.8082824927126776,-0.15,0.04043730744173593,1,332
-0.17247497535929615,0.06828456292647261,0.78539816341,-0.020704789941767544,-0.07327589491027424,1,344
-0.29991770203693957,0.075,0.78539816341,-0.0868385067973811,0.006118710935157978,1,344
-0.20078388007617082,0.075,0.78539816341,-0.12076335959620937,0.027011769208476172,1,344
-0.26069944221127545,-0.012426598661909052,0.8548150523204224,-0.03907329787945272,0.15,1,300
-0.25247318548262165,0.075,0.78539816341,0.10047358942979842,-0.14984261365468365,1,348
-0.2162590253916698,-0.008124599401783728,0.8045476126470464,0.0077529280703251685,0.011499518421934155,1,328
-0.30613610107811495,0.075,0.7924610204143732,-0.02495079802292008,0.09913415713849705,1,336
-0.23087951269079748,0.075,0.78539816341,0.04540776178325223,0.07999646384084953,1,328
-0.2416773895893472,0.02045167848924008,0.8238085242415869,0.14562823356114094,-0.12063687932679115,1,316
-0.22537743679959255,0.05445928560227076,0.7961679886828145,0.15,-0.060281392682162385,1,324
-0.2355415678046091,0.01971476657570321,0.8108115953937295,0.15,0.05414162852590498,1,304
-0.1272349930044553,0.06425394848556323,0.9817100487318163,0.1470292409363753,0.11359140495150921,1,268
-0.28188699921256577,0.059598285790712933,1.2047912920217372,-0.057224834260286836,-0.06259314654395823,1,236
-0.2765498477500909,0.075,1.3952317714847222,-0.13878826277323542,0.002003090995128798,1,208
-0.28115702632123823,0.075,1.2946245630266489,-0.15,0.013011441801351623,1,216
-0.27777385595801274,0.075,1.323363384216817,-0.15,0.08326946965448837,1,204
-0.2818693563653259,0.04689159867108489,1.3067213267316047,-0.06313297601580839,-0.15,1,220
-0.1905491734446224,0.0645389063127736,1.2877851223267645,-0.06681934727055681,-0.028274867695434715,1,216
-0.17897478760050725,-0.009171909611047524,1.2805052925847287,-0.0019847601859264846,0.06201029219731114,1,216
-0.27853731468747384,0.03470649667519056,1.325472375775317,-0.0268758187966573,0.15,1,208
-0.29161777865521143,0.075,1.2331382541630826,-0.008968456081630875,-0.11050401389095738,1,220
-0.2264292221806798,0.075,1.346525897372755,0.05861271932055186,-0.001521548712354659,1,204
-0.2776111522140486,0.013282556406003891,1.288187218752404,0.08357655858645266,0.06634277003052186,1,208
-0.21835340911222445,0.04537678704235529,1.2524934720446488,0.12640156796939161,0.08053506348945048,1,208
-0.239853848957435,0.07367971215205364,1.286496296096876,0.15,-0.15,1,212
-0.3257872057498616,0.075,1.3718543998397954,0.15,0.003004486995433278,1,196
-0.17262473993349692,0.03451982400391769,1.2822301846458555,0.15,0.04742385357376769,1,212
-0.16020611634522391,0.075,1.3269196199071478,0.15,0.15,1,200
-0.2806394345242193,0.051308032646454185,1.7960479007975596,-0.08752475496469206,-0.15,1,248
-0.2693850779967992,0.07427738645608604,1.8704918070795142,-0.15,-0.10149059242709225,1,256
-0.23570673046375476,0.075,1.8668711015228436,-0.15,0.043832796797694466,1,260
-0.23327716050064876,0.075,1.9250261562481539,-0.15,0.15,1,272
-0.21707278636635846,0.05318070547367157,1.8238175173083726,-0.031042344063693796,-0.15,1,248
-0.1494897730616825,0.06951950980370845,1.8660284548212287,0.01151110878253938,-0.06178556224283343,1,264
-0.2588473613747025,0.07058185203973323,1.8374990915602807,-0.0798487143360537,0.0030268379007008517,1,260
-0.2899148622269227,0.05649944850589361,1.8973893036764842,-0.15,0.15,1,284
-0.31896596140072636,0.06206019686664488,1.7966540952028969,0.02938896274877648,-0.15,1,268
-0.28654650199709597,0.075,1.8698459802271974,0.09567368660087032,0.022637777256309152,1,284
-0.25165634864368985,0.075,1.8228608497774992,0.07688149514749397,0.12643739252704542,1,272
-0.1602721068241106,0.060225984098541976,1.8293863057279085,0.07140931239052879,0.1459477017639128,1,276
-0.27588056495180857,0.075,1.837183338805752,0.136000334906276,-0.15,1,276
-0.23881060241805507,0.0583090255121995,1.8452077344046673,0.08604846318901067,-0.15,1,264
-0.2508211448036376,0.075,1.8267842624272355,0.15,-0.023601853651339585,1,284
-0.1905803363275958,0.075,1.8433313737418597,0.10828590949826875,0.08130825875506699,1,280
-0.1236533787063189,0.06963489279978856,2.35619449017,-0.040795163330977186,-0.08107651862692476,0,596
-0.27654343864601605,0.075,2.35619449017,-0.1214746395822742,-0.044208770638652695,0,596
-0.2744719721259111,-0.0035438076034249727,2.35619449017,-0.15,0.06948022620459939,0,596
-0.1977919561465464,0.01866162655450973,2.3334175138688065,-0.15,0.038978949553243686,1,576
-0.2159054255186844,0.015303749680047225,2.3117324487585837,-0.054647210330679416,-0.15,0,596
-0.15766463371319833,0.075,2.35619449017,-0.06197509610108749,-0.00564601117768565,0,596
-0.22080359073370182,0.075,2.35619449017,0.005841688776497711,0.0643387056191293,0,596
-0.267964604539353,0.075,2.35619449017,-0.04067919151279768,0.14263973606572014,0,596
-0.22046725846538454,0.075,2.3259954588715384,0.013418413054573586,-0.12175788206999387,0,596
-0.19456482097085462,0.075,2.344717057401983,0.14452203425778914,0.03178989030679075,0,596
-0.2089758909401318,-0.01505288670763695,2.2742202820437285,0.05246541657601112,0.03894787682314746,0,596
-0.22463629844463512,0.04786631001329891,2.3365709348669563,0.08844198379844484,0.15,0,596
-0.1966662655205423,0.03561081240458805,2.35619449017,0.11958867462776203,-0.14037015406343473,0,596
-0.19153522047771637,0.043957620087444194,2.3328697212085903,0.15,0.06960548176369963,0,596
-0.18089205044812362,0.06659280907076051,2.35619449017,0.15,-0.05496781322095129,0,596
-0.21756450562051788,0.05139547111514363,2.3466693348701093,0.055517535395192344,0.15,0,596
0.2416440959841573,-0.023964990518789392,0.801601014821078,-0.04923624447696798,-0.15,0,596
0.25733568432166615,0.075,0.78539816341,-0.08546777695387263,-0.021661413690791022,0,596
0.31032544832541786,0.02136284871300967,0.789658635891695,-0.15,0.01713137230026377,0,596
0.2091532164506382,0.075,0.78539816341,-0.15,0.14755174845707747,1,360
0.26843366544364505,0.075,0.78539816341,-0.0326219193098224,-0.11442947102672524,0,596
0.23033305938363197,0.029030770420678823,0.78539816341,-0.045665115029280175,0.10564551005219207,1,364
0.2514372411467409,-0.051514376137316506,0.8456978892373408,-0.03221655257183853,0.09040180947010357,1,396
0.31392259313036497,0.06069978890599446,0.8242685310482256,-0.04042113019029552,0.10759672009847457,0,596
0.25955495340099516,0.075,0.8087317125083041,0.0753120494652963,-0.15,0,596
0.25232182740780745,0.075,0.861448474767969,0.12236528496959032,-0.07267070541919271,1,360
0.18200719295100404,0.01352252027737915,0.78539816341,0.0784051602564323,-0.039782158631500766,0,596
0.28731267830136104,0.075,0.872766323305778,-0.0024827749454970696,0.13349549041492814,1,376
0.28227420905705375,0.05173447716099733,0.8320077416230193,0.15,-0.11335854590891274,0,596
0.358162736165273,0.06970258228479322,0.78539816341,0.15,-0.11371160595383976,0,596
0.23461108825234997,0.075,0.8421791707691473,0.15,0.1024241325525296,1,552
0.260957516383197,-0.00014851641975767438,0.78539816341,0.09382529833802009,0.15,1,416
0.2624691841855378,0.075,1.267771230920283,-0.13785589934248624,-0.15,1,300
0.3288726639881737,0.075,1.2785674528346818,-0.15,-0.057076481866892376,1,268
0.2452352233806524,0.075,1.282548053593466,-0.12234254218103954,0.12991609038205165,1,256
0.26395107628851694,0.075,1.256169056858654,-0.15,0.15,1,260
0.28039482548582695,0.075,1.3701510923514328,0.046172289741247666,-0.1495608172550926,1,252
0.2593304561578179,0.055417571628910436,1.2960542189781752,-0.0887307485009291,-0.06188416584804922,1,276
0.2276783192724736,0.075,1.3266221874145108,-0.1344591518983631,0.05383045352258297,1,256
0.2597044996449154,0.05784038622512947,1.2804793706759827,-0.07356318703512599,0.12441182210288482,1,248
0.3036815874929886,0.075,1.2179667739692408,-0.04877438856085689,-0.15,1,292
0.19867423502944698,0.0565194831978183,1.3224998069162377,0.0875549727253655,0.052108895526736546,1,228
0.2566484837073438,0.075,1.213384190225678,-0.05325415231281605,0.05776624995997006,1,256
0.21499395925304132,0.07353685931575107,1.3055652366923933,0.05142287905915793,0.15,1,224
0.30975233144624215,0.075,1.240581187055026,0.046109409007190155,-0.15,0,596
0.17384065476081126,0.07243031382057569,1.4083607389582071,0.1339851097731679,-0.08675584003622941,1,500
0.22205390763642058,-0.01365162341034408,1.3545650751054028,0.15,0.04070377595256145,1,228
0.268860593753226,0.075,1.3142846285602408,0.15,0.07003026189028443,1,240
0.32827620146171704,0.02971338495686905,1.8957810484660669,-0.15,-0.03614567509733477,1,224
0.24671248694635062,0.042311683067559,1.7902799157100466,-0.15,-0.1117255999211198,1,216
0.22224002366534007,0.04521693529782539,1.859769683516838,-0.14909915639777765,-0.0015983141923589864,1,232
0.3440578534720295,0.075,1.842586236269269,-0.12636848270782972,0.12798703978067996,1,212
0.1775993049791878,-0.03178371069893478,1.8457967186500168,-0.11834291816404133,-0.08559621375738112,1,220
0.14005970216899588,0.075,1.8962133895886717,-0.02037163630763347,-0.049274550036867294,1,232
0.2720007225026666,0.075,1.8692203197223234,-0.15,-0.011806789801523138,1,212
0.22489728878236945,0.075,1.8470318977245845,-0.08149422761819053,0.15,1,228
0.19893835914346433,0.07225529996918567,1.7498513427719184,0.025586307877422755,-0.11344996866072593,1,208
0.28541782236496765,0.075,1.7845933998193602,0.08166634130356192,-0.023078252139177382,1,208
0.2621900356885599,0.075,1.826460267903547,0.051131542633843445,0.08578671205854202,1,228
0.22179606846316358,0.075,1.8372643332971659,-0.02027815269281434,0.15,1,224
0.18598478006645527,0.075,1.776085528349637,0.10075034370914923,-0.040745255248194376,1,216
0.29362286641400726,0.075,1.9531795483622545,0.15,-0.08433576715016478,1,248
0.28251005889793307,0.06513307898463369,1.908415417346012,0.14604663290677217,0.1311942496405576,1,252
0.24504120681103086,0.06743633581732442,1.8627016306029576,0.12104379451821268,0.15,1,236
0.3423318498023833,0.06525458598236594,2.35619449017,-0.15,-0.12504520919311252,1,372
0.19649576168369237,0.075,2.3455840416749423,-0.11519160014203554,-0.13461354158216643,1,356
0.17372374145376307,0.075,2.3085985671688882,-0.15,0.04148071173059019,1,348
0.21540459650593777,-0.07201943173321403,2.35619449017,-0.15,0.10935882048317175,0,596
0.2477206991822251,0.075,2.35619449017,0.058496829404027145,-0.10859705925533453,0,596
0.2621669724661346,0.075,2.294106461395919,-0.12118413184419616,0.003554025020140253,1,348
0.2379381971071835,0.07406456217770513,2.35619449017,-0.14259213657873293,-0.05372431755081558,1,368
0.26760276982571485,0.05557407734555571,2.3484315377287626,-0.010820516760069662,0.14889825679978647,1,356
0.18742302879047779,0.075,2.2608041122761304,0.016067846935294824,-0.09390692476028739,1,352
0.322188230203663,0.075,2.313175239631025,0.034088123612868976,-0.059333948115672254,1,344
0.24589244108037156,0.03635611660881954,2.335514213498918,0.010942181093444275,0.08645318225011822,1,452
0.3058647915794064,0.075,2.35619449017,0.03700999296162436,0.15,0,596
0.2671362673188852,0.026417163272935695,2.35619449017,0.15,-0.13291698840236868,1,368
0.2728376609576892,0.006019091760553472,2.2894204117150054,0.15,-0.06356574890341488,1,340
0.2784883640116102,0.04366413877050174,2.35619449017,0.15,-0.01082904020678549,1,448
0.27238542800086574,0.075,2.2788292907230816,0.07918864721036771,0.09392349262874862,0,596
0.75,0.075,0.8395327161043536,-0.15,-0.11453237427723413,0,596
0.75,0.075,0.78539816341,-0.15,-0.04902708722405585,0,596
0.75,0.075,0.78539816341,-0.15,0.04307438776963875,0,596
0.75,0.075,0.8516879957871095,-0.10216484068071707,0.12880549788388237,0,596
0.7455132152856386,0.04292592023885238,0.78539816341,-0.024152674212581455,-0.15,0,596
0.75,0.075,0.78539816341,-0.0610756631476062,0.002345589724406974,0,596
0.7161803848970365,0.075,0.78539816341,-0.051115014185902655,0.03323779590659865,0,596
0.75,0.075,0.8373171059609659,-0.08444427712877028,0.08294676433492155,0,596
0.7479921024677828,0.075,0.78539816341,0.0602379441200892,-0.11281741122299133,0,596
0.6784612448940976,0.075,0.78539816341,0.08829391397403073,-0.06024383319323587,0,596
0.75,0.075,0.78539816341,-0.030794339370523657,0.05156979327663881,0,596
0.715947417126256,0.075,0.812985203405546,0.0649823843918674,0.15,0,596
0.75,0.07367393703754699,0.8454112508969415,0.15,-0.15,0,596
0.7173688010348804,0.030906267438614105,0.78539816341,0.1292449855518315,-0.03554081634406374,0,596
0.727690828339261,0.0668466518028118,0.78539816341,0.15,-0.008946174564916282,0,596
0.6555229634527234,0.03775486775967754,0.8430932001227873,0.15,0.139016527382452,0,596
0.7273846840375462,0.041241086251280916,1.2155098540118956,-0.15,-0.11952369773956993,1,516
0.6288060336685521,0.06777406646422411,1.2895709002375162,-0.1303346474997338,-0.12776868669206212,1,332
0.6708048588257138,0.03537900395000193,1.3185181334929197,-0.15,0.06004225465578547,1,296
0.75,0.05960192351804798,1.3314578750609185,-0.14093744186989748,0.15,1,292
0.75,-0.019680733347689286,1.2835066043371226,-0.02698641875088481,-0.14793562722062803,1,544
0.75,0.075,1.3107189895819586,-0.0402578829864931,0.0018579449329121575,1,436
0.7016511928435394,0.075,1.1845805713260171,-0.10098476598544284,0.06672192574242607,1,456
0.747614432192901,0.03414556844659046,1.2760845183799743,-0.03968191143372747,0.15,1,296
0.7498198730454716,0.075,1.3316723746243901,0.12310979693588184,-0.15,0,596
0.6920817655403728,0.075,1.2598822372839327,0.07243178822572635,-0.0432037716390826,1,472
0.75,-0.005377993218448715,1.3119461500761465,0.09809935945359205,0.05422333931949736,1,440
0.75,0.03686376107168928,1.3313405640368017,0.0381494014993686,0.09653727531224598,1,284
0.7389517913085168,0.03654288251063508,1.2918694789537783,0.15,-0.10218524989543268,1,528
0.75,0.02800484494455676,1.3175201275464952,0.15,0.0662336652926409,1,428
0.75,0.075,1.260860310732436,0.10245446351563839,0.04914969627580844,0,596
0.6479132565787855,0.06530869306135982,1.2986663750118643,0.15,0.15,1,256
0.7376411308739701,0.06177425793446946,1.8631065230627946,-0.15,-0.14577407620923363,1,216
0.7159007876001101,-0.02519311822033768,1.840444362631755,-0.15,-0.0856792334953588,1,216
0.6999189995052543,0.075,1.8032691511051366,-0.1405335846353813,-0.041038013890100825,1,208
0.7359449853557023,0.013037080257326368,1.843806534797873,-0.1351377863309938,0.11471132584523173,1,208
0.75,0.075,1.8683262041151643,-0.10946162325385646,-0.15,0,596
0.75,0.075,1.7300986506544596,0.0026992885591438087,0.03520510390295589,1,224
0.7214410505108602,0.075,1.8905494178311282,-0.021399686084976357,0.04424451530383803,1,200
0.75,0.009558980044044388,1.8157829776492798,-0.08523642178054419,0.13270403354764146,1,208
0.75,-0.07597560779104127,1.853870211245345,-0.02687923982245878,-0.10554230876060969,1,220
0.75,0.075,1.8924580607655948,0.042754771045928425,-0.1060875551427944,1,216
0.75,0.075,1.76401202972181,0.027702814306941978,0.011656798099772367,1,204
0.7176531611147213,0.075,1.7971236644619561,0.05565702285265113,0.15,1,196
0.75,0.075,1.8181682797895482,0.13184416694222167,-0.09856155042882597,1,212
0.75,0.05041819071839763,1.793408038527112,0.0496271569627495,-0.024915747741560593,1,208
0.75,0.075,1.9193425433751738,0.13058265308494207,0.0624162571257941,1,200
0.75,0.026322690014776565,1.7897571098919938,0.13471904444658434,0.15,1,200
0.75,0.075,2.328417151195657,-0.11831694876129706,-0.12998820722366122,1,292
0.7232382394219716,0.075,2.35619449017,-0.15,-0.03991735474353727,1,312
0.75,0.075,2.2960870138661957,-0.06606626633137168,-0.001498613738846799,1,296
0.75,0.075,2.336410454582187,-0.15,0.15,1,316
0.75,0.075,2.35619449017,0.015558374890131219,-0.15,1,304
0.7155406090955216,0.04955181871462506,2.3395514699508744,-0.061215948543905246,-0.04594587285495882,1,304
0.75,0.07372128439040028,2.3515251472250025,-0.007020756382822194,0.025967602925587918,1,312
0.75,-0.013453795244455918,2.3297278845475815,-0.046009925797063346,0.15,1,328
0.7174290998192776,0.040264343445547086,2.2804709747109615,0.10697777680127346,-0.15,1,288
0.725805708297284,0.05453587809434479,2.35619449017,0.030631901772359426,-0.12021197831307945,1,316
0.733982634590284,0.04879558010327037,2.35619449017,-0.004931021258890625,0.043290989466153756,1,328
0.75,0.075,2.35619449017,0.12102521436355315,0.15,1,320
0.75,0.03387900338088996,2.35619449017,0.14432596770589293,-0.0663318026923738,1,324
0.721314999803071,0.075,2.35619449017,0.15,-0.07947261999693593,1,324
0.7487822703869509,0.075,2.292727965342665,0.15,-0.029121398701182022,1,300
0.75,0.07453498394306927,2.35619449017,0.09840223789527824,0.15,1,316
